name	format	file	total	cjk	pua	extra	CJK Basic	CJK Ext-A	CJK Ext-B	CJK Ext-C	CJK Ext-D	CJK Ext-E	CJK Ext-F	CJK Ext-G	CJK Ext-H	CJK Ext-I	CJK Comp	PUA-BMP	PUA-SMP1	PUA-SMP2
Aa古典刻本宋	ttf	Aa字库/古典刻本宋 AaGuDianKeBenSong2.ttf	10023	8877	63	1083	8877	0	0	0	0	0	0	0	0	0	0	63	0	0
Aa古典刻本宋	ttf	Aa字库/古典刻本宋AaGuDianKeBenSong-2.ttf	10023	8877	63	1083	8877	0	0	0	0	0	0	0	0	0	0	63	0	0
Aa古典明朝楷 (非商业使用)	ttf	Aa字库/古典明朝楷 AaGuDianMingChaoKai-2.ttf	22083	20902	63	1118	20902	0	0	0	0	0	0	0	0	0	0	63	0	0
Aa古典明朝楷	ttf	Aa字库/古典明朝楷 AaGuDianMingChaoKai.ttf	22050	20902	63	1085	20902	0	0	0	0	0	0	0	0	0	0	63	0	0
Aa楷宋	ttf	Aa字库/楷宋 AaKaiSong2.ttf	7942	6763	63	1116	6763	0	0	0	0	0	0	0	0	0	0	63	0	0
Aa楷宋	ttf	Aa字库/楷宋2万字 AaKaiSong2WanZi2.ttf	22093	20904	73	1116	20902	0	0	0	0	0	0	0	0	0	2	73	0	0
Aa楷宋	ttf	Aa字库/楷宋简繁 AaKaiSongJianFan.ttf	10056	8877	63	1116	8877	0	0	0	0	0	0	0	0	0	0	63	0	0
AdobeFangsongStd-Regular	otf	Adobe/其他字体/Adobe Fangsong Std.otf	37540	27521	2347	7672	20910	6582	8	0	0	0	0	0	0	0	21	2347	0	0
AdobeHeitiStd-Regular	otf	Adobe/其他字体/Adobe Heiti Std.otf	37538	27521	2347	7670	20910	6582	8	0	0	0	0	0	0	0	21	2347	0	0
AdobeKaitiStd-Regular	otf	Adobe/其他字体/Adobe Kaiti Std.otf	37540	27521	2347	7672	20910	6582	8	0	0	0	0	0	0	0	21	2347	0	0
AdobeSongStd-Light	otf	Adobe/其他字体/Adobe Song Std.otf	37538	27521	2347	7670	20910	6582	8	0	0	0	0	0	0	0	21	2347	0	0
思源宋体 Bold	otf	Adobe/思源宋体 (Source Han Serif) v2.003/OTF/SimplifiedChinese/SourceHanSerifSC-Bold.otf	44779	30201	0	14578	20992	6592	2057	46	33	108	4	3	0	0	366	0	0	0
思源宋体 ExtraLight	otf	Adobe/思源宋体 (Source Han Serif) v2.003/OTF/SimplifiedChinese/SourceHanSerifSC-ExtraLight.otf	44779	30201	0	14578	20992	6592	2057	46	33	108	4	3	0	0	366	0	0	0
思源宋体 Heavy	otf	Adobe/思源宋体 (Source Han Serif) v2.003/OTF/SimplifiedChinese/SourceHanSerifSC-Heavy.otf	44779	30201	0	14578	20992	6592	2057	46	33	108	4	3	0	0	366	0	0	0
思源宋体 Light	otf	Adobe/思源宋体 (Source Han Serif) v2.003/OTF/SimplifiedChinese/SourceHanSerifSC-Light.otf	44779	30201	0	14578	20992	6592	2057	46	33	108	4	3	0	0	366	0	0	0
思源宋体 Medium	otf	Adobe/思源宋体 (Source Han Serif) v2.003/OTF/SimplifiedChinese/SourceHanSerifSC-Medium.otf	44779	30201	0	14578	20992	6592	2057	46	33	108	4	3	0	0	366	0	0	0
思源宋体	otf	Adobe/思源宋体 (Source Han Serif) v2.003/OTF/SimplifiedChinese/SourceHanSerifSC-Regular.otf	44779	30201	0	14578	20992	6592	2057	46	33	108	4	3	0	0	366	0	0	0
思源宋体 SemiBold	otf	Adobe/思源宋体 (Source Han Serif) v2.003/OTF/SimplifiedChinese/SourceHanSerifSC-SemiBold.otf	44779	30201	0	14578	20992	6592	2057	46	33	108	4	3	0	0	366	0	0	0
Source Han Serif TC Bold	otf	Adobe/思源宋体 (Source Han Serif) v2.003/OTF/TraditionalChinese/SourceHanSerifTC-Bold.otf	44779	30201	0	14578	20992	6592	2057	46	33	108	4	3	0	0	366	0	0	0
Source Han Serif TC ExtraLight	otf	Adobe/思源宋体 (Source Han Serif) v2.003/OTF/TraditionalChinese/SourceHanSerifTC-ExtraLight.otf	44779	30201	0	14578	20992	6592	2057	46	33	108	4	3	0	0	366	0	0	0
Source Han Serif TC Heavy	otf	Adobe/思源宋体 (Source Han Serif) v2.003/OTF/TraditionalChinese/SourceHanSerifTC-Heavy.otf	44779	30201	0	14578	20992	6592	2057	46	33	108	4	3	0	0	366	0	0	0
Source Han Serif TC Light	otf	Adobe/思源宋体 (Source Han Serif) v2.003/OTF/TraditionalChinese/SourceHanSerifTC-Light.otf	44779	30201	0	14578	20992	6592	2057	46	33	108	4	3	0	0	366	0	0	0
Source Han Serif TC Medium	otf	Adobe/思源宋体 (Source Han Serif) v2.003/OTF/TraditionalChinese/SourceHanSerifTC-Medium.otf	44779	30201	0	14578	20992	6592	2057	46	33	108	4	3	0	0	366	0	0	0
Source Han Serif TC	otf	Adobe/思源宋体 (Source Han Serif) v2.003/OTF/TraditionalChinese/SourceHanSerifTC-Regular.otf	44779	30201	0	14578	20992	6592	2057	46	33	108	4	3	0	0	366	0	0	0
Source Han Serif TC SemiBold	otf	Adobe/思源宋体 (Source Han Serif) v2.003/OTF/TraditionalChinese/SourceHanSerifTC-SemiBold.otf	44779	30201	0	14578	20992	6592	2057	46	33	108	4	3	0	0	366	0	0	0
思源宋體 香港 Bold	otf	Adobe/思源宋体 (Source Han Serif) v2.003/OTF/TraditionalChineseHK/SourceHanSerifHC-Bold.otf	44779	30201	0	14578	20992	6592	2057	46	33	108	4	3	0	0	366	0	0	0
思源宋體 香港 ExtraLight	otf	Adobe/思源宋体 (Source Han Serif) v2.003/OTF/TraditionalChineseHK/SourceHanSerifHC-ExtraLight.otf	44779	30201	0	14578	20992	6592	2057	46	33	108	4	3	0	0	366	0	0	0
思源宋體 香港 Heavy	otf	Adobe/思源宋体 (Source Han Serif) v2.003/OTF/TraditionalChineseHK/SourceHanSerifHC-Heavy.otf	44779	30201	0	14578	20992	6592	2057	46	33	108	4	3	0	0	366	0	0	0
思源宋體 香港 Light	otf	Adobe/思源宋体 (Source Han Serif) v2.003/OTF/TraditionalChineseHK/SourceHanSerifHC-Light.otf	44779	30201	0	14578	20992	6592	2057	46	33	108	4	3	0	0	366	0	0	0
思源宋體 香港 Medium	otf	Adobe/思源宋体 (Source Han Serif) v2.003/OTF/TraditionalChineseHK/SourceHanSerifHC-Medium.otf	44779	30201	0	14578	20992	6592	2057	46	33	108	4	3	0	0	366	0	0	0
思源宋體 香港	otf	Adobe/思源宋体 (Source Han Serif) v2.003/OTF/TraditionalChineseHK/SourceHanSerifHC-Regular.otf	44779	30201	0	14578	20992	6592	2057	46	33	108	4	3	0	0	366	0	0	0
思源宋體 香港 SemiBold	otf	Adobe/思源宋体 (Source Han Serif) v2.003/OTF/TraditionalChineseHK/SourceHanSerifHC-SemiBold.otf	44779	30201	0	14578	20992	6592	2057	46	33	108	4	3	0	0	366	0	0	0
思源黑体 Bold	otf	Adobe/思源黑体 (Source Han Sans) v2.004R/OTF/SimplifiedChinese/SourceHanSansSC-Bold.otf	44812	30234	0	14578	20976	6582	2108	47	34	112	5	4	0	0	366	0	0	0
思源黑体 ExtraLight	otf	Adobe/思源黑体 (Source Han Sans) v2.004R/OTF/SimplifiedChinese/SourceHanSansSC-ExtraLight.otf	44812	30234	0	14578	20976	6582	2108	47	34	112	5	4	0	0	366	0	0	0
思源黑体 Heavy	otf	Adobe/思源黑体 (Source Han Sans) v2.004R/OTF/SimplifiedChinese/SourceHanSansSC-Heavy.otf	44812	30234	0	14578	20976	6582	2108	47	34	112	5	4	0	0	366	0	0	0
思源黑体 Light	otf	Adobe/思源黑体 (Source Han Sans) v2.004R/OTF/SimplifiedChinese/SourceHanSansSC-Light.otf	44812	30234	0	14578	20976	6582	2108	47	34	112	5	4	0	0	366	0	0	0
思源黑体 Medium	otf	Adobe/思源黑体 (Source Han Sans) v2.004R/OTF/SimplifiedChinese/SourceHanSansSC-Medium.otf	44812	30234	0	14578	20976	6582	2108	47	34	112	5	4	0	0	366	0	0	0
思源黑体 Normal	otf	Adobe/思源黑体 (Source Han Sans) v2.004R/OTF/SimplifiedChinese/SourceHanSansSC-Normal.otf	44812	30234	0	14578	20976	6582	2108	47	34	112	5	4	0	0	366	0	0	0
思源黑体	otf	Adobe/思源黑体 (Source Han Sans) v2.004R/OTF/SimplifiedChinese/SourceHanSansSC-Regular.otf	44812	30234	0	14578	20976	6582	2108	47	34	112	5	4	0	0	366	0	0	0
Source Han Sans TC Bold	otf	Adobe/思源黑体 (Source Han Sans) v2.004R/OTF/TraditionalChinese/SourceHanSansTC-Bold.otf	44812	30234	0	14578	20976	6582	2108	47	34	112	5	4	0	0	366	0	0	0
Source Han Sans TC ExtraLight	otf	Adobe/思源黑体 (Source Han Sans) v2.004R/OTF/TraditionalChinese/SourceHanSansTC-ExtraLight.otf	44812	30234	0	14578	20976	6582	2108	47	34	112	5	4	0	0	366	0	0	0
Source Han Sans TC Heavy	otf	Adobe/思源黑体 (Source Han Sans) v2.004R/OTF/TraditionalChinese/SourceHanSansTC-Heavy.otf	44812	30234	0	14578	20976	6582	2108	47	34	112	5	4	0	0	366	0	0	0
Source Han Sans TC Light	otf	Adobe/思源黑体 (Source Han Sans) v2.004R/OTF/TraditionalChinese/SourceHanSansTC-Light.otf	44812	30234	0	14578	20976	6582	2108	47	34	112	5	4	0	0	366	0	0	0
Source Han Sans TC Medium	otf	Adobe/思源黑体 (Source Han Sans) v2.004R/OTF/TraditionalChinese/SourceHanSansTC-Medium.otf	44812	30234	0	14578	20976	6582	2108	47	34	112	5	4	0	0	366	0	0	0
Source Han Sans TC Normal	otf	Adobe/思源黑体 (Source Han Sans) v2.004R/OTF/TraditionalChinese/SourceHanSansTC-Normal.otf	44812	30234	0	14578	20976	6582	2108	47	34	112	5	4	0	0	366	0	0	0
Source Han Sans TC	otf	Adobe/思源黑体 (Source Han Sans) v2.004R/OTF/TraditionalChinese/SourceHanSansTC-Regular.otf	44812	30234	0	14578	20976	6582	2108	47	34	112	5	4	0	0	366	0	0	0
思源黑體 香港 Bold	otf	Adobe/思源黑体 (Source Han Sans) v2.004R/OTF/TraditionalChineseHK/SourceHanSansHC-Bold.otf	44812	30234	0	14578	20976	6582	2108	47	34	112	5	4	0	0	366	0	0	0
思源黑體 香港 ExtraLight	otf	Adobe/思源黑体 (Source Han Sans) v2.004R/OTF/TraditionalChineseHK/SourceHanSansHC-ExtraLight.otf	44812	30234	0	14578	20976	6582	2108	47	34	112	5	4	0	0	366	0	0	0
思源黑體 香港 Heavy	otf	Adobe/思源黑体 (Source Han Sans) v2.004R/OTF/TraditionalChineseHK/SourceHanSansHC-Heavy.otf	44812	30234	0	14578	20976	6582	2108	47	34	112	5	4	0	0	366	0	0	0
思源黑體 香港 Light	otf	Adobe/思源黑体 (Source Han Sans) v2.004R/OTF/TraditionalChineseHK/SourceHanSansHC-Light.otf	44812	30234	0	14578	20976	6582	2108	47	34	112	5	4	0	0	366	0	0	0
思源黑體 香港 Medium	otf	Adobe/思源黑体 (Source Han Sans) v2.004R/OTF/TraditionalChineseHK/SourceHanSansHC-Medium.otf	44812	30234	0	14578	20976	6582	2108	47	34	112	5	4	0	0	366	0	0	0
思源黑體 香港 Normal	otf	Adobe/思源黑体 (Source Han Sans) v2.004R/OTF/TraditionalChineseHK/SourceHanSansHC-Normal.otf	44812	30234	0	14578	20976	6582	2108	47	34	112	5	4	0	0	366	0	0	0
思源黑體 香港	otf	Adobe/思源黑体 (Source Han Sans) v2.004R/OTF/TraditionalChineseHK/SourceHanSansHC-Regular.otf	44812	30234	0	14578	20976	6582	2108	47	34	112	5	4	0	0	366	0	0	0
FandolFang R	otf	Fandol/FandolFang-Regular.otf	17609	7945	2267	7397	7942	0	0	0	0	0	0	0	0	0	3	2267	0	0
FandolHei Bold	otf	Fandol/FandolHei-Bold.otf	17543	7945	2267	7331	7942	0	0	0	0	0	0	0	0	0	3	2267	0	0
FandolHei	otf	Fandol/FandolHei-Regular.otf	17548	7945	2267	7336	7942	0	0	0	0	0	0	0	0	0	3	2267	0	0
FandolKai	otf	Fandol/FandolKai-Regular.otf	17605	7945	2267	7393	7942	0	0	0	0	0	0	0	0	0	3	2267	0	0
FandolSong Bold	otf	Fandol/FandolSong-Bold.otf	17622	7945	2267	7410	7942	0	0	0	0	0	0	0	0	0	3	2267	0	0
FandolSong	otf	Fandol/FandolSong-Regular.otf	17623	7946	2267	7410	7943	0	0	0	0	0	0	0	0	0	3	2267	0	0
Reggae One Regular	ttf	Fontworks/ReggaeOne-Regular.ttf	8231	6758	0	1473	6714	1	5	0	0	0	0	0	0	0	38	0	0	0
花園明朝A Regular	ttf	GlyphWiki/花园明朝体 hanazono-20170904/HanaMinA.ttf	41531	31133	1402	8996	20971	6582	2858	73	63	110	4	0	0	0	472	1402	0	0
花園明朝B Regular	ttf	GlyphWiki/花园明朝体 hanazono-20170904/HanaMinB.ttf	60423	60322	0	101	5	0	42711	4149	222	5762	7473	0	0	0	0	0	0	0
IBM Plex Sans SC Bold	ttf	IBM/ibm-plex-sans-sc-v1.1.0/ttf-hinted/IBMPlexSansSC-Bold.ttf	29290	27785	109	1396	20971	6592	44	44	8	108	0	0	0	0	18	109	0	0
IBM Plex Sans SC ExtLt	ttf	IBM/ibm-plex-sans-sc-v1.1.0/ttf-hinted/IBMPlexSansSC-ExtraLight.ttf	29290	27785	109	1396	20971	6592	44	44	8	108	0	0	0	0	18	109	0	0
IBM Plex Sans SC Light	ttf	IBM/ibm-plex-sans-sc-v1.1.0/ttf-hinted/IBMPlexSansSC-Light.ttf	29290	27785	109	1396	20971	6592	44	44	8	108	0	0	0	0	18	109	0	0
IBM Plex Sans SC Medm	ttf	IBM/ibm-plex-sans-sc-v1.1.0/ttf-hinted/IBMPlexSansSC-Medium.ttf	29290	27785	109	1396	20971	6592	44	44	8	108	0	0	0	0	18	109	0	0
IBM Plex Sans SC	ttf	IBM/ibm-plex-sans-sc-v1.1.0/ttf-hinted/IBMPlexSansSC-Regular.ttf	29290	27785	109	1396	20971	6592	44	44	8	108	0	0	0	0	18	109	0	0
IBM Plex Sans SC SmBld	ttf	IBM/ibm-plex-sans-sc-v1.1.0/ttf-hinted/IBMPlexSansSC-SemiBold.ttf	29290	27785	109	1396	20971	6592	44	44	8	108	0	0	0	0	18	109	0	0
IBM Plex Sans SC Text	ttf	IBM/ibm-plex-sans-sc-v1.1.0/ttf-hinted/IBMPlexSansSC-Text.ttf	29290	27785	109	1396	20971	6592	44	44	8	108	0	0	0	0	18	109	0	0
IBM Plex Sans SC Thin	ttf	IBM/ibm-plex-sans-sc-v1.1.0/ttf-hinted/IBMPlexSansSC-Thin.ttf	29290	27785	109	1396	20971	6592	44	44	8	108	0	0	0	0	18	109	0	0
IBM Plex Sans SC Bold	ttf	IBM/ibm-plex-sans-sc-v1.1.0/ttf-unhinted/IBMPlexSansSC-Bold.ttf	29291	27785	109	1397	20971	6592	44	44	8	108	0	0	0	0	18	109	0	0
IBM Plex Sans SC ExtLt	ttf	IBM/ibm-plex-sans-sc-v1.1.0/ttf-unhinted/IBMPlexSansSC-ExtraLight.ttf	29291	27785	109	1397	20971	6592	44	44	8	108	0	0	0	0	18	109	0	0
IBM Plex Sans SC Light	ttf	IBM/ibm-plex-sans-sc-v1.1.0/ttf-unhinted/IBMPlexSansSC-Light.ttf	29291	27785	109	1397	20971	6592	44	44	8	108	0	0	0	0	18	109	0	0
IBM Plex Sans SC Medm	ttf	IBM/ibm-plex-sans-sc-v1.1.0/ttf-unhinted/IBMPlexSansSC-Medium.ttf	29290	27785	109	1396	20971	6592	44	44	8	108	0	0	0	0	18	109	0	0
IBM Plex Sans SC	ttf	IBM/ibm-plex-sans-sc-v1.1.0/ttf-unhinted/IBMPlexSansSC-Regular.ttf	29291	27785	109	1397	20971	6592	44	44	8	108	0	0	0	0	18	109	0	0
IBM Plex Sans SC SmBld	ttf	IBM/ibm-plex-sans-sc-v1.1.0/ttf-unhinted/IBMPlexSansSC-SemiBold.ttf	29291	27785	109	1397	20971	6592	44	44	8	108	0	0	0	0	18	109	0	0
IBM Plex Sans SC Text	ttf	IBM/ibm-plex-sans-sc-v1.1.0/ttf-unhinted/IBMPlexSansSC-Text.ttf	29291	27785	109	1397	20971	6592	44	44	8	108	0	0	0	0	18	109	0	0
IBM Plex Sans SC Thin	ttf	IBM/ibm-plex-sans-sc-v1.1.0/ttf-unhinted/IBMPlexSansSC-Thin.ttf	29291	27785	109	1397	20971	6592	44	44	8	108	0	0	0	0	18	109	0	0
IBM Plex Sans TC Bold	ttf	IBM/ibm-plex-sans-tc-v1.1.1/ttf-hinted/IBMPlexSansTC-Bold.ttf	23646	17687	4729	1230	15387	579	1704	4	0	5	1	0	0	0	7	4729	0	0
IBM Plex Sans TC ExtLt	ttf	IBM/ibm-plex-sans-tc-v1.1.1/ttf-hinted/IBMPlexSansTC-ExtraLight.ttf	23641	17687	4724	1230	15387	579	1704	4	0	5	1	0	0	0	7	4724	0	0
IBM Plex Sans TC Light	ttf	IBM/ibm-plex-sans-tc-v1.1.1/ttf-hinted/IBMPlexSansTC-Light.ttf	23641	17687	4724	1230	15387	579	1704	4	0	5	1	0	0	0	7	4724	0	0
IBM Plex Sans TC Medm	ttf	IBM/ibm-plex-sans-tc-v1.1.1/ttf-hinted/IBMPlexSansTC-Medium.ttf	23641	17687	4724	1230	15387	579	1704	4	0	5	1	0	0	0	7	4724	0	0
IBM Plex Sans TC	ttf	IBM/ibm-plex-sans-tc-v1.1.1/ttf-hinted/IBMPlexSansTC-Regular.ttf	23646	17687	4729	1230	15387	579	1704	4	0	5	1	0	0	0	7	4729	0	0
IBM Plex Sans TC SmBld	ttf	IBM/ibm-plex-sans-tc-v1.1.1/ttf-hinted/IBMPlexSansTC-SemiBold.ttf	23641	17687	4724	1230	15387	579	1704	4	0	5	1	0	0	0	7	4724	0	0
IBM Plex Sans TC Text	ttf	IBM/ibm-plex-sans-tc-v1.1.1/ttf-hinted/IBMPlexSansTC-Text.ttf	23641	17687	4724	1230	15387	579	1704	4	0	5	1	0	0	0	7	4724	0	0
IBM Plex Sans TC Thin	ttf	IBM/ibm-plex-sans-tc-v1.1.1/ttf-hinted/IBMPlexSansTC-Thin.ttf	23646	17687	4729	1230	15387	579	1704	4	0	5	1	0	0	0	7	4729	0	0
IBM Plex Sans TC Bold	ttf	IBM/ibm-plex-sans-tc-v1.1.1/ttf-unhinted/IBMPlexSansTC-Bold.ttf	23646	17687	4729	1230	15387	579	1704	4	0	5	1	0	0	0	7	4729	0	0
IBM Plex Sans TC ExtLt	ttf	IBM/ibm-plex-sans-tc-v1.1.1/ttf-unhinted/IBMPlexSansTC-ExtraLight.ttf	23641	17687	4724	1230	15387	579	1704	4	0	5	1	0	0	0	7	4724	0	0
IBM Plex Sans TC Light	ttf	IBM/ibm-plex-sans-tc-v1.1.1/ttf-unhinted/IBMPlexSansTC-Light.ttf	23641	17687	4724	1230	15387	579	1704	4	0	5	1	0	0	0	7	4724	0	0
IBM Plex Sans TC Medm	ttf	IBM/ibm-plex-sans-tc-v1.1.1/ttf-unhinted/IBMPlexSansTC-Medium.ttf	23641	17687	4724	1230	15387	579	1704	4	0	5	1	0	0	0	7	4724	0	0
IBM Plex Sans TC	ttf	IBM/ibm-plex-sans-tc-v1.1.1/ttf-unhinted/IBMPlexSansTC-Regular.ttf	23646	17687	4729	1230	15387	579	1704	4	0	5	1	0	0	0	7	4729	0	0
IBM Plex Sans TC SmBld	ttf	IBM/ibm-plex-sans-tc-v1.1.1/ttf-unhinted/IBMPlexSansTC-SemiBold.ttf	23641	17687	4724	1230	15387	579	1704	4	0	5	1	0	0	0	7	4724	0	0
IBM Plex Sans TC Text	ttf	IBM/ibm-plex-sans-tc-v1.1.1/ttf-unhinted/IBMPlexSansTC-Text.ttf	23641	17687	4724	1230	15387	579	1704	4	0	5	1	0	0	0	7	4724	0	0
IBM Plex Sans TC Thin	ttf	IBM/ibm-plex-sans-tc-v1.1.1/ttf-unhinted/IBMPlexSansTC-Thin.ttf	23646	17687	4729	1230	15387	579	1704	4	0	5	1	0	0	0	7	4729	0	0
Kai Regular	ttf	Ikarus/Kai.ttf	15179	6763	2257	6159	6763	0	0	0	0	0	0	0	0	0	0	2257	0	0
Slidefu Regular	ttf	Keynote研究所/演示佛系体 Slidefu-Regular.ttf	6953	6763	0	190	6763	0	0	0	0	0	0	0	0	0	0	0	0	0
Slidexiaxing Regular	ttf	Keynote研究所/演示夏行楷 Slidexiaxing-Regular.ttf	6971	6763	0	208	6763	0	0	0	0	0	0	0	0	0	0	0	0	0
slideyouran Regular	ttf	Keynote研究所/演示悠然小楷 slideyouran-Regular.ttf	6956	6766	0	190	6766	0	0	0	0	0	0	0	0	0	0	0	0	0
Source-KeynoteartHans	otf	Keynote研究所/演示斜黑体 Source-KeynoteartHans-Regular.otf	30757	27824	0	2933	20945	6582	51	44	8	108	0	0	0	0	86	0	0	0
Slidechunfeng Regular	ttf	Keynote研究所/演示春风楷 Slidechunfeng-Regular.ttf	6971	6763	0	208	6763	0	0	0	0	0	0	0	0	0	0	0	0	0
Klee One Regular	ttf	Klee相关/Klee One/KleeOne-Regular.ttf	10178	8107	0	2071	7917	32	38	1	8	0	4	0	0	0	107	0	0	0
Klee One SemiBold	ttf	Klee相关/Klee One/KleeOne-SemiBold.ttf	10178	8107	0	2071	7917	32	38	1	8	0	4	0	0	0	107	0	0	0
芫茜雅楷	ttf	Klee相关/芫茜雅楷 (JyunsaiKaai) v0.3.1/JyunsaiKaai-Bold.ttf	17612	15374	0	2238	14120	422	399	77	26	150	26	50	0	0	104	0	0	0
芫茜雅楷	ttf	Klee相关/芫茜雅楷 (JyunsaiKaai) v0.3.1/JyunsaiKaai-Light.ttf	17612	15374	0	2238	14120	422	399	77	26	150	26	50	0	0	104	0	0	0
芫茜雅楷	ttf	Klee相关/芫茜雅楷 (JyunsaiKaai) v0.3.1/JyunsaiKaai-Regular.ttf	17612	15374	0	2238	14120	422	399	77	26	150	26	50	0	0	104	0	0	0
Iansui Regular	ttf	Klee相关/芫荽(Iansui) v1.011/Iansui-Regular.ttf	12639	10412	0	2227	9992	127	161	3	17	5	1	2	1	0	103	0	0	0
霞鹜文楷 Light	ttf	Klee相关/霞鹜文楷 (LXGW WenKai) v1.511/LXGWWenKai-Light.ttf	36752	29360	12	7380	20992	6592	823	157	32	249	102	230	52	10	121	11	1	0
霞鹜文楷 Medium	ttf	Klee相关/霞鹜文楷 (LXGW WenKai) v1.511/LXGWWenKai-Medium.ttf	36752	29360	12	7380	20992	6592	823	157	32	249	102	230	52	10	121	11	1	0
LXGW WenKai	ttf	Klee相关/霞鹜文楷 (LXGW WenKai) v1.511/LXGWWenKai-Regular.ttf	36752	29360	12	7380	20992	6592	823	157	32	249	102	230	52	10	121	11	1	0
霞鹜文楷等宽 Light	ttf	Klee相关/霞鹜文楷 (LXGW WenKai) v1.511/LXGWWenKaiMono-Light.ttf	36772	29360	32	7380	20992	6592	823	157	32	249	102	230	52	10	121	31	1	0
霞鹜文楷等宽 Medium	ttf	Klee相关/霞鹜文楷 (LXGW WenKai) v1.511/LXGWWenKaiMono-Medium.ttf	36772	29360	32	7380	20992	6592	823	157	32	249	102	230	52	10	121	31	1	0
LXGW WenKai Mono	ttf	Klee相关/霞鹜文楷 (LXGW WenKai) v1.511/LXGWWenKaiMono-Regular.ttf	36772	29360	32	7380	20992	6592	823	157	32	249	102	230	52	10	121	31	1	0
OPPO Sans 4.0	ttf	MISC/OPPO Sans v4.0/OPPO Sans 4.0.ttf	29197	27772	0	1425	20976	6582	42	44	8	108	0	0	0	0	12	0	0	0
vivo Sans SC L3	ttf	MISC/vivo Sans/Simplified Chinese/vivo Sans SC L3/vivo Sans SC L3.ttf	60339	60123	0	216	0	0	42675	4105	214	5654	7473	2	0	0	0	0	0	0
vivo Sans SC VF	ttf	MISC/vivo Sans/Simplified Chinese/vivo Sans SC/vivoSansSCVF.ttf	29282	27715	116	1451	20968	6530	36	44	8	108	0	0	0	0	21	116	0	0
vivo Sans TC VF	ttf	MISC/vivo Sans/Traditional Chinese/vivo Sans TC/vivoSansTCVF.ttf	14580	13070	38	1472	13068	0	0	0	0	0	0	0	0	0	2	38	0	0
vivo Sans Bold	ttf	MISC/vivo Sans/vivo Sans简体/vivoSans-Bold.ttf	29364	27781	115	1468	20976	6582	42	44	8	108	0	0	0	0	21	115	0	0
vivo Sans Demibold	ttf	MISC/vivo Sans/vivo Sans简体/vivoSans-DemiBold.ttf	29364	27781	115	1468	20976	6582	42	44	8	108	0	0	0	0	21	115	0	0
vivo Sans Extrabold	ttf	MISC/vivo Sans/vivo Sans简体/vivoSans-ExtraBold.ttf	29364	27781	115	1468	20976	6582	42	44	8	108	0	0	0	0	21	115	0	0
vivo Sans Extralight	ttf	MISC/vivo Sans/vivo Sans简体/vivoSans-ExtraLight.ttf	29364	27781	115	1468	20976	6582	42	44	8	108	0	0	0	0	21	115	0	0
vivo Sans Heavy	ttf	MISC/vivo Sans/vivo Sans简体/vivoSans-Heavy.ttf	29364	27781	115	1468	20976	6582	42	44	8	108	0	0	0	0	21	115	0	0
vivo Sans Light	ttf	MISC/vivo Sans/vivo Sans简体/vivoSans-Light.ttf	29364	27781	115	1468	20976	6582	42	44	8	108	0	0	0	0	21	115	0	0
vivo Sans Medium	ttf	MISC/vivo Sans/vivo Sans简体/vivoSans-Medium.ttf	29364	27781	115	1468	20976	6582	42	44	8	108	0	0	0	0	21	115	0	0
vivo Sans	ttf	MISC/vivo Sans/vivo Sans简体/vivoSans-Regular.ttf	29364	27781	115	1468	20976	6582	42	44	8	108	0	0	0	0	21	115	0	0
vivo Sans Thin	ttf	MISC/vivo Sans/vivo Sans简体/vivoSans-Thin.ttf	29364	27781	115	1468	20976	6582	42	44	8	108	0	0	0	0	21	115	0	0
HarmonyOS Sans SC Black	ttf	MISC/华为 鸿蒙字体 （HarmonyOS Sans）/HarmonyOS_Sans_SC/HarmonyOS_Sans_SC_Black.ttf	29063	27505	24	1534	20902	6582	0	0	0	0	0	0	0	0	21	24	0	0
HarmonyOS Sans SC Bold	ttf	MISC/华为 鸿蒙字体 （HarmonyOS Sans）/HarmonyOS_Sans_SC/HarmonyOS_Sans_SC_Bold.ttf	29063	27505	24	1534	20902	6582	0	0	0	0	0	0	0	0	21	24	0	0
HarmonyOS Sans SC Light	ttf	MISC/华为 鸿蒙字体 （HarmonyOS Sans）/HarmonyOS_Sans_SC/HarmonyOS_Sans_SC_Light.ttf	29063	27505	24	1534	20902	6582	0	0	0	0	0	0	0	0	21	24	0	0
HarmonyOS Sans SC Medium	ttf	MISC/华为 鸿蒙字体 （HarmonyOS Sans）/HarmonyOS_Sans_SC/HarmonyOS_Sans_SC_Medium.ttf	29063	27505	24	1534	20902	6582	0	0	0	0	0	0	0	0	21	24	0	0
HarmonyOS Sans SC	ttf	MISC/华为 鸿蒙字体 （HarmonyOS Sans）/HarmonyOS_Sans_SC/HarmonyOS_Sans_SC_Regular.ttf	29063	27505	24	1534	20902	6582	0	0	0	0	0	0	0	0	21	24	0	0
HarmonyOS Sans SC Thin	ttf	MISC/华为 鸿蒙字体 （HarmonyOS Sans）/HarmonyOS_Sans_SC/HarmonyOS_Sans_SC_Thin.ttf	29063	27505	24	1534	20902	6582	0	0	0	0	0	0	0	0	21	24	0	0
HarmonyOS Sans TC Black	ttf	MISC/华为 鸿蒙字体 （HarmonyOS Sans）/HarmonyOS_Sans_TC/HarmonyOS_Sans_TC_Black.ttf	14596	13078	10	1508	13075	1	0	0	0	0	0	0	0	0	2	10	0	0
HarmonyOS Sans TC Bold	ttf	MISC/华为 鸿蒙字体 （HarmonyOS Sans）/HarmonyOS_Sans_TC/HarmonyOS_Sans_TC_Bold.ttf	14596	13078	10	1508	13075	1	0	0	0	0	0	0	0	0	2	10	0	0
HarmonyOS Sans TC Light	ttf	MISC/华为 鸿蒙字体 （HarmonyOS Sans）/HarmonyOS_Sans_TC/HarmonyOS_Sans_TC_Light.ttf	14596	13078	10	1508	13075	1	0	0	0	0	0	0	0	0	2	10	0	0
HarmonyOS Sans TC Medium	ttf	MISC/华为 鸿蒙字体 （HarmonyOS Sans）/HarmonyOS_Sans_TC/HarmonyOS_Sans_TC_Medium.ttf	14596	13078	10	1508	13075	1	0	0	0	0	0	0	0	0	2	10	0	0
HarmonyOS Sans TC	ttf	MISC/华为 鸿蒙字体 （HarmonyOS Sans）/HarmonyOS_Sans_TC/HarmonyOS_Sans_TC_Regular.ttf	14596	13078	10	1508	13075	1	0	0	0	0	0	0	0	0	2	10	0	0
HarmonyOS Sans TC Thin	ttf	MISC/华为 鸿蒙字体 （HarmonyOS Sans）/HarmonyOS_Sans_TC/HarmonyOS_Sans_TC_Thin.ttf	14596	13078	10	1508	13075	1	0	0	0	0	0	0	0	0	2	10	0	0
MiSans L3	ttf	MISC/小米 MiSans L3/MiSans L3.ttf	60339	60123	0	216	0	0	42675	4105	214	5654	7473	2	0	0	0	0	0	0
Misans TC VF	ttf	MISC/小米 MiSans TC/Misans TC VF.ttf	14911	13078	0	1833	13075	1	0	0	0	0	0	0	0	0	2	0	0	0
MiSans TC Bold	ttf	MISC/小米 MiSans TC/ttf/MisansTC-Bold.ttf	14911	13078	0	1833	13075	1	0	0	0	0	0	0	0	0	2	0	0	0
MiSans TC Demibold	ttf	MISC/小米 MiSans TC/ttf/MisansTC-Demibold.ttf	14911	13078	0	1833	13075	1	0	0	0	0	0	0	0	0	2	0	0	0
MiSans TC ExtraLight	ttf	MISC/小米 MiSans TC/ttf/MisansTC-ExtraLight.ttf	14911	13078	0	1833	13075	1	0	0	0	0	0	0	0	0	2	0	0	0
MiSans TC Heavy	ttf	MISC/小米 MiSans TC/ttf/MisansTC-Heavy.ttf	14911	13078	0	1833	13075	1	0	0	0	0	0	0	0	0	2	0	0	0
MiSans TC Light	ttf	MISC/小米 MiSans TC/ttf/MisansTC-Light.ttf	14911	13078	0	1833	13075	1	0	0	0	0	0	0	0	0	2	0	0	0
MiSans TC Medium	ttf	MISC/小米 MiSans TC/ttf/MisansTC-Medium.ttf	14911	13078	0	1833	13075	1	0	0	0	0	0	0	0	0	2	0	0	0
MiSans TC Normal	ttf	MISC/小米 MiSans TC/ttf/MisansTC-Normal.ttf	14911	13078	0	1833	13075	1	0	0	0	0	0	0	0	0	2	0	0	0
MiSans TC	ttf	MISC/小米 MiSans TC/ttf/MisansTC-Regular.ttf	14911	13078	0	1833	13075	1	0	0	0	0	0	0	0	0	2	0	0	0
MiSans TC Semibold	ttf	MISC/小米 MiSans TC/ttf/MisansTC-Semibold.ttf	14911	13078	0	1833	13075	1	0	0	0	0	0	0	0	0	2	0	0	0
MiSans TC Thin	ttf	MISC/小米 MiSans TC/ttf/MisansTC-Thin.ttf	14911	13078	0	1833	13075	1	0	0	0	0	0	0	0	0	2	0	0	0
MiSans VF	ttf	MISC/小米 MiSans/MiSans VF.ttf	29414	27781	0	1633	20976	6582	42	44	8	108	0	0	0	0	21	0	0	0
MiSans Bold	ttf	MISC/小米 MiSans/ttf/MiSans-Bold.ttf	29414	27781	0	1633	20976	6582	42	44	8	108	0	0	0	0	21	0	0	0
MiSans Demibold	ttf	MISC/小米 MiSans/ttf/MiSans-Demibold.ttf	29414	27781	0	1633	20976	6582	42	44	8	108	0	0	0	0	21	0	0	0
MiSans ExtraLight	ttf	MISC/小米 MiSans/ttf/MiSans-ExtraLight.ttf	29414	27781	0	1633	20976	6582	42	44	8	108	0	0	0	0	21	0	0	0
MiSans Heavy	ttf	MISC/小米 MiSans/ttf/MiSans-Heavy.ttf	29414	27781	0	1633	20976	6582	42	44	8	108	0	0	0	0	21	0	0	0
MiSans Light	ttf	MISC/小米 MiSans/ttf/MiSans-Light.ttf	29414	27781	0	1633	20976	6582	42	44	8	108	0	0	0	0	21	0	0	0
MiSans Medium	ttf	MISC/小米 MiSans/ttf/MiSans-Medium.ttf	29414	27781	0	1633	20976	6582	42	44	8	108	0	0	0	0	21	0	0	0
MiSans Normal	ttf	MISC/小米 MiSans/ttf/MiSans-Normal.ttf	29414	27781	0	1633	20976	6582	42	44	8	108	0	0	0	0	21	0	0	0
MiSans	ttf	MISC/小米 MiSans/ttf/MiSans-Regular.ttf	29414	27781	0	1633	20976	6582	42	44	8	108	0	0	0	0	21	0	0	0
MiSans Semibold	ttf	MISC/小米 MiSans/ttf/MiSans-Semibold.ttf	29414	27781	0	1633	20976	6582	42	44	8	108	0	0	0	0	21	0	0	0
MiSans Thin	ttf	MISC/小米 MiSans/ttf/MiSans-Thin.ttf	29414	27781	0	1633	20976	6582	42	44	8	108	0	0	0	0	21	0	0	0
小米兰亭	ttf	MISC/小米兰亭/小米兰亭MILT_RG.ttf	29257	27505	106	1646	20902	6582	0	0	0	0	0	0	0	0	21	106	0	0
小米兰亭 Pro VF	ttf	MISC/小米兰亭/小米兰亭Pro.ttf	28612	27505	106	1001	20902	6582	0	0	0	0	0	0	0	0	21	106	0	0
小米兰亭	ttf	MISC/小米兰亭/小米兰亭加粗 (网友修改).ttf	29257	27505	106	1646	20902	6582	0	0	0	0	0	0	0	0	21	106	0	0
快看世界體 標準	otf	MISC/快看世界体 v1.4/kuaikanshijieti20231213.otf	6917	6765	0	152	6765	0	0	0	0	0	0	0	0	0	0	0	0	0
快看世界體 標準	ttf	MISC/快看世界体 v1.4/kuaikanshijieti20231213.ttf	6917	6765	0	152	6765	0	0	0	0	0	0	0	0	0	0	0	0	0
抖音美好体 Bold	ttf	MISC/抖音美好体 DouyinSans/DouyinSansBold.ttf	7715	6763	129	823	6763	0	0	0	0	0	0	0	0	0	0	129	0	0
DOUYUFont	ttf	MISC/斗鱼追光体2.0.ttf	7752	6789	12	951	6787	0	0	0	0	0	0	0	0	0	2	12	0	0
腾讯体	ttf	MISC/腾讯字体/腾讯体 TTTGB-Medium.ttf	7328	6763	12	553	6763	0	0	0	0	0	0	0	0	0	0	12	0	0
腾讯体 W3	otf	MISC/腾讯字体/腾讯体 W3.otf	36598	27521	2347	6730	20910	6582	8	0	0	0	0	0	0	0	21	2347	0	0
腾讯体 W7	ttf	MISC/腾讯字体/腾讯体 W7.ttf	36598	27521	2347	6730	20910	6582	8	0	0	0	0	0	0	0	21	2347	0	0
腾讯字体包	ttf	MISC/腾讯字体/腾讯字体字体包.ttf	7359	6763	12	584	6763	0	0	0	0	0	0	0	0	0	0	12	0	0
HONOR Sans CN Bold	ttf	MISC/荣耀 HONOR Sans v1.2/HONORSansCN/HONORSansCN-Bold.ttf	29000	27781	217	1002	20976	6582	42	44	8	108	0	0	0	0	21	217	0	0
HONOR Sans CN DemiBold	ttf	MISC/荣耀 HONOR Sans v1.2/HONORSansCN/HONORSansCN-DemiBold.ttf	29000	27781	217	1002	20976	6582	42	44	8	108	0	0	0	0	21	217	0	0
HONOR Sans CN ExtraBold	ttf	MISC/荣耀 HONOR Sans v1.2/HONORSansCN/HONORSansCN-ExtraBold.ttf	29000	27781	217	1002	20976	6582	42	44	8	108	0	0	0	0	21	217	0	0
HONOR Sans CN ExtraLight	ttf	MISC/荣耀 HONOR Sans v1.2/HONORSansCN/HONORSansCN-ExtraLight.ttf	29000	27781	217	1002	20976	6582	42	44	8	108	0	0	0	0	21	217	0	0
HONOR Sans CN Heavy	ttf	MISC/荣耀 HONOR Sans v1.2/HONORSansCN/HONORSansCN-Heavy.ttf	29000	27781	217	1002	20976	6582	42	44	8	108	0	0	0	0	21	217	0	0
HONOR Sans CN Light	ttf	MISC/荣耀 HONOR Sans v1.2/HONORSansCN/HONORSansCN-Light.ttf	29000	27781	217	1002	20976	6582	42	44	8	108	0	0	0	0	21	217	0	0
HONOR Sans CN Medium	ttf	MISC/荣耀 HONOR Sans v1.2/HONORSansCN/HONORSansCN-Medium.ttf	29000	27781	217	1002	20976	6582	42	44	8	108	0	0	0	0	21	217	0	0
HONOR Sans CN	ttf	MISC/荣耀 HONOR Sans v1.2/HONORSansCN/HONORSansCN-Regular.ttf	29000	27781	217	1002	20976	6582	42	44	8	108	0	0	0	0	21	217	0	0
HONOR Sans CN Thin	ttf	MISC/荣耀 HONOR Sans v1.2/HONORSansCN/HONORSansCN-Thin.ttf	29000	27781	217	1002	20976	6582	42	44	8	108	0	0	0	0	21	217	0	0
HONOR Sans TC Bold	ttf	MISC/荣耀 HONOR Sans v1.2/HONORSansTC/HONORSansTC-Bold.ttf	14331	13496	2	833	13075	1	0	0	0	0	0	0	0	0	420	2	0	0
HONOR Sans TC DemiBold	ttf	MISC/荣耀 HONOR Sans v1.2/HONORSansTC/HONORSansTC-DemiBold.ttf	14331	13496	2	833	13075	1	0	0	0	0	0	0	0	0	420	2	0	0
HONOR Sans TC ExtraBold	ttf	MISC/荣耀 HONOR Sans v1.2/HONORSansTC/HONORSansTC-ExtraBold.ttf	14331	13496	2	833	13075	1	0	0	0	0	0	0	0	0	420	2	0	0
HONOR Sans TC ExtraLight	ttf	MISC/荣耀 HONOR Sans v1.2/HONORSansTC/HONORSansTC-ExtraLight.ttf	14331	13496	2	833	13075	1	0	0	0	0	0	0	0	0	420	2	0	0
HONOR Sans TC Heavy	ttf	MISC/荣耀 HONOR Sans v1.2/HONORSansTC/HONORSansTC-Heavy.ttf	14331	13496	2	833	13075	1	0	0	0	0	0	0	0	0	420	2	0	0
HONOR Sans TC Light	ttf	MISC/荣耀 HONOR Sans v1.2/HONORSansTC/HONORSansTC-Light.ttf	14331	13496	2	833	13075	1	0	0	0	0	0	0	0	0	420	2	0	0
HONOR Sans TC Medium	ttf	MISC/荣耀 HONOR Sans v1.2/HONORSansTC/HONORSansTC-Medium.ttf	14331	13496	2	833	13075	1	0	0	0	0	0	0	0	0	420	2	0	0
HONOR Sans TC Regular	ttf	MISC/荣耀 HONOR Sans v1.2/HONORSansTC/HONORSansTC-Regular.ttf	14331	13496	2	833	13075	1	0	0	0	0	0	0	0	0	420	2	0	0
HONOR Sans TC Thin	ttf	MISC/荣耀 HONOR Sans v1.2/HONORSansTC/HONORSansTC-Thin.ttf	14331	13496	2	833	13075	1	0	0	0	0	0	0	0	0	420	2	0	0
金山云技术体	ttf	MISC/金山云 Kingsoft_Cloud_Font_v1.0.1.ttf	7563	6817	0	746	6816	1	0	0	0	0	0	0	0	0	0	0	0	0
TBMCYXT	otf	MISC/阿里巴巴 淘宝买菜体/TaoBaoMaiCaiTi/TaoBaoMaiCaiTi-Regular.otf	7272	6764	0	508	6764	0	0	0	0	0	0	0	0	0	0	0	0	0
	ttf	MISC/阿里巴巴 淘宝买菜体/TaoBaoMaiCaiTi/TaoBaoMaiCaiTi-Regular.ttf	7276	6764	0	512	6764	0	0	0	0	0	0	0	0	0	0	0	0	0
钉钉进步体	ttf	MISC/阿里巴巴 钉钉进步体0111/DingTalk JinBuTi.ttf	7498	6763	20	715	6763	0	0	0	0	0	0	0	0	0	0	20	0	0
DingTalk Sans	ttf	MISC/阿里巴巴 钉钉进步体0111/DingTalk Sans.ttf	725	0	10	715	0	0	0	0	0	0	0	0	0	0	0	10	0	0
阿里巴巴普惠体 3 105 Heavy	ttf	MISC/阿里巴巴普惠体/AlibabaPuHuiTi-3/AlibabaPuHuiTi-3-105-Heavy.ttf	9638	8227	0	1411	7957	77	36	43	8	106	0	0	0	0	0	0	0	0
阿里巴巴普惠体 3 115 Black	ttf	MISC/阿里巴巴普惠体/AlibabaPuHuiTi-3/AlibabaPuHuiTi-3-115-Black.ttf	9638	8227	0	1411	7957	77	36	43	8	106	0	0	0	0	0	0	0	0
阿里巴巴普惠体 3 35 Thin	ttf	MISC/阿里巴巴普惠体/AlibabaPuHuiTi-3/AlibabaPuHuiTi-3-35-Thin.ttf	29197	27772	0	1425	20976	6582	42	44	8	108	0	0	0	0	12	0	0	0
阿里巴巴普惠体 3 45 Light	ttf	MISC/阿里巴巴普惠体/AlibabaPuHuiTi-3/AlibabaPuHuiTi-3-45-Light.ttf	29197	27772	0	1425	20976	6582	42	44	8	108	0	0	0	0	12	0	0	0
阿里巴巴普惠体 3 55 Regular	ttf	MISC/阿里巴巴普惠体/AlibabaPuHuiTi-3/AlibabaPuHuiTi-3-55-Regular.ttf	29197	27772	0	1425	20976	6582	42	44	8	108	0	0	0	0	12	0	0	0
阿里巴巴普惠体 3 55 Regular L3	ttf	MISC/阿里巴巴普惠体/AlibabaPuHuiTi-3/AlibabaPuHuiTi-3-55-RegularL3.ttf	60337	60121	0	216	0	0	42675	4105	214	5654	7473	0	0	0	0	0	0	0
阿里巴巴普惠体 3 65 Medium	ttf	MISC/阿里巴巴普惠体/AlibabaPuHuiTi-3/AlibabaPuHuiTi-3-65-Medium.ttf	29197	27772	0	1425	20976	6582	42	44	8	108	0	0	0	0	12	0	0	0
阿里巴巴普惠体 3 75 SemiBold	ttf	MISC/阿里巴巴普惠体/AlibabaPuHuiTi-3/AlibabaPuHuiTi-3-75-SemiBold.ttf	29197	27772	0	1425	20976	6582	42	44	8	108	0	0	0	0	12	0	0	0
阿里巴巴普惠体 3 85 Bold	ttf	MISC/阿里巴巴普惠体/AlibabaPuHuiTi-3/AlibabaPuHuiTi-3-85-Bold.ttf	29197	27772	0	1425	20976	6582	42	44	8	108	0	0	0	0	12	0	0	0
阿里巴巴普惠体 3 95 ExtraBold	ttf	MISC/阿里巴巴普惠体/AlibabaPuHuiTi-3/AlibabaPuHuiTi-3-95-ExtraBold.ttf	29197	27772	0	1425	20976	6582	42	44	8	108	0	0	0	0	12	0	0	0
阿里巴巴普惠體 HK 45 Light	ttf	MISC/阿里巴巴普惠体/AlibabaSansHK/AlibabaSansHK-45.ttf	19181	17656	12	1513	15377	573	1702	1	0	0	0	0	0	0	3	12	0	0
阿里巴巴普惠體 HK 55 Regular	ttf	MISC/阿里巴巴普惠体/AlibabaSansHK/AlibabaSansHK-55.ttf	19181	17656	12	1513	15377	573	1702	1	0	0	0	0	0	0	3	12	0	0
阿里巴巴普惠體 HK 75 SemiBold	ttf	MISC/阿里巴巴普惠体/AlibabaSansHK/AlibabaSansHK-75.ttf	19181	17656	12	1513	15377	573	1702	1	0	0	0	0	0	0	3	12	0	0
阿里巴巴普惠體 HK 95 ExtraBold	ttf	MISC/阿里巴巴普惠体/AlibabaSansHK/AlibabaSansHK-95.ttf	19181	17656	12	1513	15377	573	1702	1	0	0	0	0	0	0	3	12	0	0
阿里巴巴普惠體 TC 45 Light	ttf	MISC/阿里巴巴普惠体/AlibabaSansTC/AlibabaSansTC-45.ttf	19181	17656	12	1513	15377	573	1702	1	0	0	0	0	0	0	3	12	0	0
阿里巴巴普惠體 TC 55 Regular	ttf	MISC/阿里巴巴普惠体/AlibabaSansTC/AlibabaSansTC-55.ttf	19181	17656	12	1513	15377	573	1702	1	0	0	0	0	0	0	3	12	0	0
阿里巴巴普惠體 TC 75 SemiBold	ttf	MISC/阿里巴巴普惠体/AlibabaSansTC/AlibabaSansTC-75.ttf	19181	17656	12	1513	15377	573	1702	1	0	0	0	0	0	0	3	12	0	0
阿里巴巴普惠體 TC 95 ExtraBold	ttf	MISC/阿里巴巴普惠体/AlibabaSansTC/AlibabaSansTC-95.ttf	19181	17656	12	1513	15377	573	1702	1	0	0	0	0	0	0	3	12	0	0
Tiejili SC Regular	otf	MORE/Buernia-铁蒺藜体 (Tiejili) v1.100/TiejiliSC-Regular.otf	13121	11523	0	1598	11200	92	51	49	9	113	5	4	0	0	0	0	0	0
Tiejili SC Regular	ttf	MORE/Buernia-铁蒺藜体 (Tiejili) v1.100/TiejiliSC-Regular.ttf	13121	11523	0	1598	11200	92	51	49	9	113	5	4	0	0	0	0	0	0
更纱黑体 SC Bold	ttf	MORE/LiRenzhi-更纱黑体 (SarasaGothic)/SarasaGothicSC/SarasaGothicSC-Bold.ttf	46231	30234	0	15997	20976	6582	2108	47	34	112	5	4	0	0	366	0	0	0
更纱黑体 SC Bold Italic	ttf	MORE/LiRenzhi-更纱黑体 (SarasaGothic)/SarasaGothicSC/SarasaGothicSC-BoldItalic.ttf	46231	30234	0	15997	20976	6582	2108	47	34	112	5	4	0	0	366	0	0	0
更纱黑体 SC XLight	ttf	MORE/LiRenzhi-更纱黑体 (SarasaGothic)/SarasaGothicSC/SarasaGothicSC-ExtraLight.ttf	46231	30234	0	15997	20976	6582	2108	47	34	112	5	4	0	0	366	0	0	0
更纱黑体 SC XLight Italic	ttf	MORE/LiRenzhi-更纱黑体 (SarasaGothic)/SarasaGothicSC/SarasaGothicSC-ExtraLightItalic.ttf	46231	30234	0	15997	20976	6582	2108	47	34	112	5	4	0	0	366	0	0	0
更纱黑体 SC Italic	ttf	MORE/LiRenzhi-更纱黑体 (SarasaGothic)/SarasaGothicSC/SarasaGothicSC-Italic.ttf	46231	30234	0	15997	20976	6582	2108	47	34	112	5	4	0	0	366	0	0	0
更纱黑体 SC Light	ttf	MORE/LiRenzhi-更纱黑体 (SarasaGothic)/SarasaGothicSC/SarasaGothicSC-Light.ttf	46231	30234	0	15997	20976	6582	2108	47	34	112	5	4	0	0	366	0	0	0
更纱黑体 SC Light Italic	ttf	MORE/LiRenzhi-更纱黑体 (SarasaGothic)/SarasaGothicSC/SarasaGothicSC-LightItalic.ttf	46231	30234	0	15997	20976	6582	2108	47	34	112	5	4	0	0	366	0	0	0
更纱黑体 SC	ttf	MORE/LiRenzhi-更纱黑体 (SarasaGothic)/SarasaGothicSC/SarasaGothicSC-Regular.ttf	46231	30234	0	15997	20976	6582	2108	47	34	112	5	4	0	0	366	0	0	0
更纱黑体 SC SemiBold	ttf	MORE/LiRenzhi-更纱黑体 (SarasaGothic)/SarasaGothicSC/SarasaGothicSC-SemiBold.ttf	46231	30234	0	15997	20976	6582	2108	47	34	112	5	4	0	0	366	0	0	0
更纱黑体 SC SemiBold Italic	ttf	MORE/LiRenzhi-更纱黑体 (SarasaGothic)/SarasaGothicSC/SarasaGothicSC-SemiBoldItalic.ttf	46231	30234	0	15997	20976	6582	2108	47	34	112	5	4	0	0	366	0	0	0
Sarasa Gothic TC Bold	ttf	MORE/LiRenzhi-更纱黑体 (SarasaGothic)/SarasaGothicTC/SarasaGothicTC-Bold.ttf	46231	30234	0	15997	20976	6582	2108	47	34	112	5	4	0	0	366	0	0	0
Sarasa Gothic TC Bold Italic	ttf	MORE/LiRenzhi-更纱黑体 (SarasaGothic)/SarasaGothicTC/SarasaGothicTC-BoldItalic.ttf	46231	30234	0	15997	20976	6582	2108	47	34	112	5	4	0	0	366	0	0	0
Sarasa Gothic TC XLight	ttf	MORE/LiRenzhi-更纱黑体 (SarasaGothic)/SarasaGothicTC/SarasaGothicTC-ExtraLight.ttf	46231	30234	0	15997	20976	6582	2108	47	34	112	5	4	0	0	366	0	0	0
Sarasa Gothic TC XLight Italic	ttf	MORE/LiRenzhi-更纱黑体 (SarasaGothic)/SarasaGothicTC/SarasaGothicTC-ExtraLightItalic.ttf	46231	30234	0	15997	20976	6582	2108	47	34	112	5	4	0	0	366	0	0	0
Sarasa Gothic TC Italic	ttf	MORE/LiRenzhi-更纱黑体 (SarasaGothic)/SarasaGothicTC/SarasaGothicTC-Italic.ttf	46231	30234	0	15997	20976	6582	2108	47	34	112	5	4	0	0	366	0	0	0
Sarasa Gothic TC Light	ttf	MORE/LiRenzhi-更纱黑体 (SarasaGothic)/SarasaGothicTC/SarasaGothicTC-Light.ttf	46231	30234	0	15997	20976	6582	2108	47	34	112	5	4	0	0	366	0	0	0
Sarasa Gothic TC Light Italic	ttf	MORE/LiRenzhi-更纱黑体 (SarasaGothic)/SarasaGothicTC/SarasaGothicTC-LightItalic.ttf	46231	30234	0	15997	20976	6582	2108	47	34	112	5	4	0	0	366	0	0	0
Sarasa Gothic TC	ttf	MORE/LiRenzhi-更纱黑体 (SarasaGothic)/SarasaGothicTC/SarasaGothicTC-Regular.ttf	46231	30234	0	15997	20976	6582	2108	47	34	112	5	4	0	0	366	0	0	0
Sarasa Gothic TC SemiBold	ttf	MORE/LiRenzhi-更纱黑体 (SarasaGothic)/SarasaGothicTC/SarasaGothicTC-SemiBold.ttf	46231	30234	0	15997	20976	6582	2108	47	34	112	5	4	0	0	366	0	0	0
Sarasa Gothic TC SemiBold Italic	ttf	MORE/LiRenzhi-更纱黑体 (SarasaGothic)/SarasaGothicTC/SarasaGothicTC-SemiBoldItalic.ttf	46231	30234	0	15997	20976	6582	2108	47	34	112	5	4	0	0	366	0	0	0
Sun-ExtA	ttf	MORE/Sun-Ext/v5.0/Sun-ExtA.ttf	50112	27974	9	22129	20924	6582	0	0	0	0	0	0	0	0	468	9	0	0
Sun-ExtB	ttf	MORE/Sun-Ext/v5.0/Sun-ExtB.ttf	47660	46930	0	730	0	0	42711	4160	59	0	0	0	0	0	0	0	0	0
Sun-ExtA	ttf	MORE/Sun-Ext/v6.0/Sun-ExtA.ttf	50203	27993	81	22129	20940	6582	0	0	0	0	0	0	0	0	471	81	0	0
Sun-ExtB	ttf	MORE/Sun-Ext/v6.0/Sun-ExtB.ttf	47885	47082	73	730	0	0	42711	4149	222	0	0	0	0	0	0	0	73	0
全宋體-1	ttf	MORE/WFG-全宋體/FSung-1.ttf	12876	6	0	12870	6	0	0	0	0	0	0	0	0	0	0	0	0	0
全宋體-2	ttf	MORE/WFG-全宋體/FSung-2.ttf	61595	60953	0	642	0	0	42720	4154	222	5762	7473	0	0	622	0	0	0	0
全宋體-3	ttf	MORE/WFG-全宋體/FSung-3.ttf	9231	9131	0	100	0	0	0	0	0	0	0	4939	4192	0	0	0	0	0
全宋體-F	ttf	MORE/WFG-全宋體/FSung-F.ttf	65092	0	64990	102	0	0	0	0	0	0	0	0	0	0	0	0	64990	0
全宋體-X	ttf	MORE/WFG-全宋體/FSung-X.ttf	37828	0	37726	102	0	0	0	0	0	0	0	0	0	0	0	0	0	37726
全宋體(等寬)	ttf	MORE/WFG-全宋體/FSung-m.ttf	40583	28056	1	12526	20992	6592	0	0	0	0	0	0	0	0	472	1	0	0
全宋體(調和)	ttf	MORE/WFG-全宋體/FSung-p.ttf	40583	28056	1	12526	20992	6592	0	0	0	0	0	0	0	0	472	1	0	0
Jigmo Regular	ttf	MORE/上地宏一-字雲 Jigmo-20230816/Jigmo.ttf	51035	28057	9633	13345	20992	6592	1	0	0	0	0	0	0	0	472	0	0	9633
Jigmo2 Regular	ttf	MORE/上地宏一-字雲 Jigmo-20230816/Jigmo2.ttf	63080	60954	1483	643	1	0	42720	4154	222	5762	7473	0	0	622	0	0	0	1483
Jigmo3 Regular	ttf	MORE/上地宏一-字雲 Jigmo-20230816/Jigmo3.ttf	9233	9132	0	101	1	0	0	0	0	0	0	4939	4192	0	0	0	0	0
康熙字典體傳承版 KangXiZiDian.com	ttf	MORE/康熙与倉頡/康熙字典體傳承版(2023) KX_47043_15.ttf	49461	49262	0	199	19199	5601	24454	0	0	2	1	0	1	0	4	0	0	0
KangXiZiDian.com 康熙字典体常用版	ttf	MORE/康熙与倉頡/康熙字典體常用版(2022) KX_7000_13.ttf	9480	9373	0	107	9370	2	1	0	0	0	0	0	0	0	0	0	0	0
KangXiZiDian.com 康熙字典体常用版	ttf	MORE/康熙与倉頡/康熙字典體常用版(2024) KX_7000_16ok.ttf	9586	9373	0	213	9370	2	1	0	0	0	0	0	0	0	0	0	0	0
KaiXinSong	ttf	MORE/开心宋体 (KaiXinSong)/开心宋体2.1/KaiXinSong2.1.ttf	65428	62699	816	1913	69	1841	42711	4149	222	5762	7473	0	0	0	472	743	73	0
KaiXinSongA	ttf	MORE/开心宋体 (KaiXinSong)/开心宋体3.0/KaiXinSongA.ttf	30714	27979	816	1919	20915	6592	0	0	0	0	0	0	0	0	472	743	73	0
KaiXinSongB	ttf	MORE/开心宋体 (KaiXinSong)/开心宋体3.0/KaiXinSongB.ttf	65395	65360	0	35	87	10	42718	4149	222	5762	7473	4939	0	0	0	0	0	0
KaiXinSongA Normal	ttf	MORE/开心宋体 (KaiXinSong)/开心宋体4.1/KaiXinSongA.ttf	63143	60987	816	1340	20915	6592	33008	0	0	0	0	0	0	0	472	743	73	0
KaiXinSongB Normal	ttf	MORE/开心宋体 (KaiXinSong)/开心宋体4.1/KaiXinSongB.ttf	62662	61992	0	670	90	10	34528	4154	222	5762	7473	4939	4192	622	0	0	0	0
shetumodengxiaofangti	ttf	MORE/摄图摩登小方体.ttf	6977	6758	0	219	6758	0	0	0	0	0	0	0	0	0	0	0	0	0
又又意宋	ttf	MORE/未知来信-又又意宋.ttf	7090	6763	2	325	6763	0	0	0	0	0	0	0	0	0	0	2	0	0
杨任东竹石体-Bold	ttf	MORE/杨任东竹石体1.23/杨任东竹石体-Bold.ttf	7347	6774	0	573	6773	1	0	0	0	0	0	0	0	0	0	0	0	0
杨任东竹石体-Extralight	ttf	MORE/杨任东竹石体1.23/杨任东竹石体-Extralight.ttf	7347	6774	0	573	6773	1	0	0	0	0	0	0	0	0	0	0	0	0
杨任东竹石体-Heavy	ttf	MORE/杨任东竹石体1.23/杨任东竹石体-Heavy.ttf	7347	6774	0	573	6773	1	0	0	0	0	0	0	0	0	0	0	0	0
杨任东竹石体-Light	ttf	MORE/杨任东竹石体1.23/杨任东竹石体-Light.ttf	7347	6774	0	573	6773	1	0	0	0	0	0	0	0	0	0	0	0	0
杨任东竹石体-Medium	ttf	MORE/杨任东竹石体1.23/杨任东竹石体-Medium.ttf	7347	6774	0	573	6773	1	0	0	0	0	0	0	0	0	0	0	0	0
杨任东竹石体-Regular	ttf	MORE/杨任东竹石体1.23/杨任东竹石体-Regular.ttf	7347	6774	0	573	6773	1	0	0	0	0	0	0	0	0	0	0	0	0
杨任东竹石体-Semibold	ttf	MORE/杨任东竹石体1.23/杨任东竹石体-Semibold.ttf	7347	6774	0	573	6773	1	0	0	0	0	0	0	0	0	0	0	0	0
iFonts周年体	ttf	MORE/羚狼网络-以方iFonts周年体.ttf	7471	6942	0	529	6933	9	0	0	0	0	0	0	0	0	0	0	0	0
BabelStone Han	ttf	MORE/魏安-BabelStone Han v16.0.3/BabelStoneHan.ttf	64789	60507	116	4166	20992	6592	16861	2267	222	3450	3178	3469	2382	622	472	116	0	0
QIJIC	ttf	MORE/黄令东-齊伋體-v0.0.4/qiji-combo.ttf	21073	21064	0	9	20971	46	42	0	1	2	2	0	0	0	0	0	0	0
QIJIFALLBACK	ttf	MORE/黄令东-齊伋體-v0.0.4/qiji-fallback.ttf	20976	20971	0	5	20971	0	0	0	0	0	0	0	0	0	0	0	0	0
QIJI	ttf	MORE/黄令东-齊伋體-v0.0.4/qiji.ttf	5958	5949	0	9	5856	46	42	0	1	2	2	0	0	0	0	0	0	0
CWTEX-F	ttf	cwTeX/cwTeX 仿宋體 fttf.ttf	14036	13070	365	601	13068	0	0	0	0	0	0	0	0	0	2	365	0	0
CWTEX-R	ttf	cwTeX/cwTeX 圓體 rttf.ttf	14035	13070	365	600	13068	0	0	0	0	0	0	0	0	0	2	365	0	0
CWTEX-M	ttf	cwTeX/cwTeX 明體 mttf.ttf	14035	13070	365	600	13068	0	0	0	0	0	0	0	0	0	2	365	0	0
CWTEX-K	ttf	cwTeX/cwTeX 楷書 kttf.ttf	14031	13070	365	596	13068	0	0	0	0	0	0	0	0	0	2	365	0	0
CWTEX-BB	ttf	cwTeX/cwTeX 粗黑體 bbttf.ttf	14035	13070	365	600	13068	0	0	0	0	0	0	0	0	0	2	365	0	0
cwTeX Q Fangsong Medium	ttf	cwTeX/cwTeXQFangsong-Medium.ttf	14008	13070	0	938	13068	0	0	0	0	0	0	0	0	0	2	0	0	0
cwTeX Q Hei Bold	ttf	cwTeX/cwTeXQHei-Bold.ttf	26325	13558	0	12767	13289	0	0	0	0	0	0	0	0	0	269	0	0	0
cwTeX Q Kai Medium	ttf	cwTeX/cwTeXQKai-Medium.ttf	26415	13587	0	12828	13317	0	0	0	0	0	0	0	0	0	270	0	0	0
cwTeX Q Ming Medium	ttf	cwTeX/cwTeXQMing-Medium.ttf	26546	13609	0	12937	13339	0	0	0	0	0	0	0	0	0	270	0	0	0
cwTeX Q Yuan Medium	ttf	cwTeX/cwTeXQYuan-Medium.ttf	14068	13070	0	998	13068	0	0	0	0	0	0	0	0	0	2	0	0	0
一点明体	ttf	一點字坊/一点明朝体 (I.Ming)/I.Ming-8.10.ttf	60017	56771	5	3241	20673	6010	26990	468	137	665	1660	51	12	1	104	5	0	0
一点明体CP	ttf	一點字坊/一点明朝体 (I.Ming)/I.MingCP-8.10.ttf	60017	56771	5	3241	20673	6010	26990	468	137	665	1660	51	12	1	104	5	0	0
一点明体异体	ttf	一點字坊/一点明朝体 (I.Ming)/I.MingVar-8.10.ttf	60017	56771	5	3241	20673	6010	26990	468	137	665	1660	51	12	1	104	5	0	0
一点明体异体CP	ttf	一點字坊/一点明朝体 (I.Ming)/I.MingVarCP-8.10.ttf	60017	56771	5	3241	20673	6010	26990	468	137	665	1660	51	12	1	104	5	0	0
PMingI.U	ttf	一點字坊/一点明朝体 (I.Ming)/PMingI.U-8.10.ttf	60017	56771	5	3241	20673	6010	26990	468	137	665	1660	51	12	1	104	5	0	0
PMingI.UVar	ttf	一點字坊/一点明朝体 (I.Ming)/PMingI.UVar-8.10.ttf	60017	56771	5	3241	20673	6010	26990	468	137	665	1660	51	12	1	104	5	0	0
上图东观体 常规	ttf	上海图书馆/上图东观体/上图东观体-常规.ttf	10211	9492	10	709	9492	0	0	0	0	0	0	0	0	0	0	10	0	0
上图东观体 粗体	ttf	上海图书馆/上图东观体/上图东观体-粗体.ttf	10211	9492	10	709	9492	0	0	0	0	0	0	0	0	0	0	10	0	0
上图东观体 细体	ttf	上海图书馆/上图东观体/上图东观体-细体.ttf	10211	9492	10	709	9492	0	0	0	0	0	0	0	0	0	0	10	0	0
中华悉昙体梵文	ttf	中华书局/中华书局-中华梵文悉昙体字库/ZH-Siddanta-20220928.ttf	7570	0	7477	93	0	0	0	0	0	0	0	0	0	0	0	0	0	7477
古联甲骨文摹写 常规	ttf	中华书局/中华书局-古联甲骨文摹写字库/古联甲骨文摹写字体20221019.ttf	15445	0	15445	0	0	0	0	0	0	0	0	0	0	0	0	0	0	15445
中华书局宋体00平面	ttf	中华书局/中华书局宋体字库v19110510/FZSONG_ZhongHuaSongPlane00_2019102520191105100246.ttf	30364	27580	122	2662	20976	6582	0	0	0	0	0	0	0	0	22	122	0	0
中华书局宋体02平面	ttf	中华书局/中华书局宋体字库v19110510/FZSONG_ZhongHuaSongPlane02_2018111620191105100324.ttf	61266	60317	0	949	0	0	42711	4149	222	5762	7473	0	0	0	0	0	0	0
中华书局宋体15平面	ttf	中华书局/中华书局宋体字库v19110510/FZSONG_ZhongHuaSongPlane15_2019102520191105100346.ttf	39542	0	39287	255	0	0	0	0	0	0	0	0	0	0	0	0	39287	0
中华书局宋体00平面	ttf	中华书局/中华书局宋体字库v20210514/FZSONG_ZhongHuaSongPlane00_2021051420210514150927.ttf	30682	27580	123	2979	20976	6582	0	0	0	0	0	0	0	0	22	123	0	0
中华书局宋体02平面	ttf	中华书局/中华书局宋体字库v20210514/FZSONG_ZhongHuaSongPlane02_2021012120210122112919.ttf	61267	60317	0	950	0	0	42711	4149	222	5762	7473	0	0	0	0	0	0	0
中华书局宋体15平面	ttf	中华书局/中华书局宋体字库v20210514/FZSONG_ZhongHuaSongPlane15_2021051420210514150947.ttf	42312	0	42057	255	0	0	0	0	0	0	0	0	0	0	0	0	42057	0
中华书局宋体00平面	ttf	中华书局/中华书局宋体字库v20240910/中华书局宋体00平面_20231107.ttf	30710	27595	123	2992	20989	6584	0	0	0	0	0	0	0	0	22	123	0	0
中华书局宋体02平面	ttf	中华书局/中华书局宋体字库v20240910/中华书局宋体02平面_20231010.ttf	61361	60319	0	1042	0	0	42713	4149	222	5762	7473	0	0	0	0	0	0	0
中华书局宋体15平面	ttf	中华书局/中华书局宋体字库v20240910/中华书局宋体15平面_20240514.ttf	43076	0	42821	255	0	0	0	0	0	0	0	0	0	0	0	0	42821	0
ZhongHuaPaleographyPlane16 常规	ttf	中华书局/中华书局宋体字库v20240910/中华书局宋体16平面_20240906.ttf	23019	0	22920	99	0	0	0	0	0	0	0	0	0	0	0	0	0	22920
隶书	ttf	中易/v3.0/LiSu.ttf	21983	20923	95	965	20902	0	0	0	0	0	0	0	0	0	21	95	0	0
黑体	ttf	中易/v3.0/SimHei.ttf	22126	20975	95	1056	20902	52	0	0	0	0	0	0	0	0	21	95	0	0
宋体	ttc	中易/v3.0/SimSun.ttc	22158	20975	95	1088	20902	52	0	0	0	0	0	0	0	0	21	95	0	0
幼圆	ttf	中易/v3.0/YouYuan.ttf	21982	20923	95	964	20902	0	0	0	0	0	0	0	0	0	21	95	0	0
仿宋	ttf	中易/v5.0/FangSong.ttf	28522	27505	25	992	20902	6582	0	0	0	0	0	0	0	0	21	25	0	0
楷体	ttf	中易/v5.0/Kaiti.ttf	28522	27505	25	992	20902	6582	0	0	0	0	0	0	0	0	21	25	0	0
黑体	ttf	中易/v5.0/SimHei.ttf	28522	27505	25	992	20902	6582	0	0	0	0	0	0	0	0	21	25	0	0
SimSun-ExtB	ttf	中易/v5.0/SimSun-ExtB.ttf	42812	42711	0	101	0	0	42711	0	0	0	0	0	0	0	0	0	0	0
宋体	ttc	中易/v5.0/SimSun.ttc	28779	27513	106	1160	20910	6582	0	0	0	0	0	0	0	0	21	106	0	0
中易宋体18030	ttf	中易/中易宋体18030.ttf	30286	27505	25	2756	20902	6582	0	0	0	0	0	0	0	0	21	25	0	0
仿宋	ttf	中易/仿宋 simfang.ttf	28522	27505	25	992	20902	6582	0	0	0	0	0	0	0	0	21	25	0	0
宋体	ttc	中易/宋体 simsun.ttc	28867	27605	106	1156	20992	6592	0	0	0	0	0	0	0	0	21	106	0	0
SimSun-ExtB	ttf	中易/新宋体 simsunb.ttf	60432	60331	0	101	0	0	42720	4154	222	5762	7473	0	0	0	0	0	0	0
楷体	ttf	中易/楷体 simkai.ttf	28522	27505	25	992	20902	6582	0	0	0	0	0	0	0	0	21	25	0	0
黑体	ttf	中易/黑体 simhei.ttf	28522	27505	25	992	20902	6582	0	0	0	0	0	0	0	0	21	25	0	0
??? Regular	ttf	乡立方字体/临海隶书.ttf	9311	9169	0	142	9169	0	0	0	0	0	0	0	0	0	0	0	0	0
乡立方黑体	ttf	乡立方字体/乡立方黑体.ttf	6617	6516	0	101	6505	8	2	0	0	1	0	0	0	0	0	0	0	0
仓耳云黑 W01	ttf	仓耳/仓耳云黑/仓耳云黑-W01.ttf	28517	27452	211	854	20901	6530	0	0	0	0	0	0	0	0	21	211	0	0
仓耳云黑 W02	ttf	仓耳/仓耳云黑/仓耳云黑-W02.ttf	28517	27452	211	854	20901	6530	0	0	0	0	0	0	0	0	21	211	0	0
仓耳云黑 W03	ttf	仓耳/仓耳云黑/仓耳云黑-W03.ttf	28517	27452	211	854	20901	6530	0	0	0	0	0	0	0	0	21	211	0	0
仓耳云黑 W04	ttf	仓耳/仓耳云黑/仓耳云黑-W04.ttf	28517	27452	211	854	20901	6530	0	0	0	0	0	0	0	0	21	211	0	0
仓耳云黑 W05	ttf	仓耳/仓耳云黑/仓耳云黑-W05.ttf	28517	27452	211	854	20901	6530	0	0	0	0	0	0	0	0	21	211	0	0
仓耳云黑 W06	ttf	仓耳/仓耳云黑/仓耳云黑-W06.ttf	28517	27452	211	854	20901	6530	0	0	0	0	0	0	0	0	21	211	0	0
仓耳云黑 W07	ttf	仓耳/仓耳云黑/仓耳云黑-W07.ttf	28517	27452	211	854	20901	6530	0	0	0	0	0	0	0	0	21	211	0	0
仓耳云黑 W08	ttf	仓耳/仓耳云黑/仓耳云黑-W08.ttf	28517	27452	211	854	20901	6530	0	0	0	0	0	0	0	0	21	211	0	0
仓耳今楷05 W01	ttf	仓耳/仓耳今楷05/仓耳今楷05-W01.ttf	29094	27453	80	1561	20902	6530	0	0	0	0	0	0	0	0	21	80	0	0
仓耳今楷05 W02	ttf	仓耳/仓耳今楷05/仓耳今楷05-W02.ttf	29094	27453	80	1561	20902	6530	0	0	0	0	0	0	0	0	21	80	0	0
倉耳今楷05 W03	ttf	仓耳/仓耳今楷05/仓耳今楷05-W03.ttf	29093	27453	80	1560	20902	6530	0	0	0	0	0	0	0	0	21	80	0	0
倉耳今楷05 W04	ttf	仓耳/仓耳今楷05/仓耳今楷05-W04.ttf	29093	27453	80	1560	20902	6530	0	0	0	0	0	0	0	0	21	80	0	0
仓耳今楷05 W05	ttf	仓耳/仓耳今楷05/仓耳今楷05-W05.ttf	29094	27453	80	1561	20902	6530	0	0	0	0	0	0	0	0	21	80	0	0
华光俊秀体	ttf	华光字库/华光俊秀体.ttf	8590	7096	516	978	7091	0	0	0	0	0	0	0	0	0	5	516	0	0
华文彩云	ttf	华文/STCAIYUN.ttf	15694	6763	2329	6602	6763	0	0	0	0	0	0	0	0	0	0	2329	0	0
华文仿宋	ttf	华文/STFANGSO.ttf	41766	21393	5378	14995	20992	0	0	0	0	0	0	0	0	0	401	5378	0	0
华文琥珀	ttf	华文/STHUPO.ttf	15694	6763	2329	6602	6763	0	0	0	0	0	0	0	0	0	0	2329	0	0
华文楷体	ttf	华文/STKAITI.ttf	41766	21393	5378	14995	20992	0	0	0	0	0	0	0	0	0	401	5378	0	0
华文隶书	ttf	华文/STLITI.ttf	15694	6763	2329	6602	6763	0	0	0	0	0	0	0	0	0	0	2329	0	0
华文宋体	ttf	华文/STSONG.ttf	41766	21393	5378	14995	20992	0	0	0	0	0	0	0	0	0	401	5378	0	0
华文细黑	ttf	华文/STXIHEI.ttf	41766	21393	5378	14995	20992	0	0	0	0	0	0	0	0	0	401	5378	0	0
华文行楷	ttf	华文/STXINGKA.ttf	15694	6763	2329	6602	6763	0	0	0	0	0	0	0	0	0	0	2329	0	0
华文新魏	ttf	华文/STXINWEI.ttf	15694	6763	2329	6602	6763	0	0	0	0	0	0	0	0	0	0	2329	0	0
华文中宋	ttf	华文/STZHONGS.ttf	41766	21393	5378	14995	20992	0	0	0	0	0	0	0	0	0	401	5378	0	0
TW-Sung	ttf	台湾全字庫/全字庫宋體字型檔 Fonts_Sung/TW-Sung-98_1.ttf	39250	27508	0	11742	20920	6582	0	0	0	0	0	0	0	0	6	0	0	0
TW-Sung-Ext-B	ttf	台湾全字庫/全字庫宋體字型檔 Fonts_Sung/TW-Sung-Ext-B-98_1.ttf	48908	48276	0	632	6	0	42711	4099	195	1259	5	0	1	0	0	0	0	0
TW-Sung-Plus	ttf	台湾全字庫/全字庫宋體字型檔 Fonts_Sung/TW-Sung-Plus-98_1.ttf	24536	6	24430	100	6	0	0	0	0	0	0	0	0	0	0	0	24430	0
TW-Kai	ttf	台湾全字庫/全字庫楷體字型檔 Fonts_Kai/TW-Kai-98_1.ttf	39223	27509	0	11714	20920	6582	0	0	0	0	0	0	0	0	7	0	0	0
TW-Kai-Ext-B	ttf	台湾全字庫/全字庫楷體字型檔 Fonts_Kai/TW-Kai-Ext-B-98_1.ttf	48908	48276	0	632	6	0	42711	4099	195	1259	5	0	1	0	0	0	0	0
TW-Kai-Plus	ttf	台湾全字庫/全字庫楷體字型檔 Fonts_Kai/TW-Kai-Plus-98_1.ttf	24534	6	24428	100	6	0	0	0	0	0	0	0	0	0	0	0	24428	0
全字庫說文解字	ttf	台湾全字庫/全字庫說文解字 ebas927.ttf	13486	6792	1542	5152	6739	0	0	0	0	0	0	0	0	0	53	1542	0	0
MOESongUN	ttf	台湾教育部國字/台湾教育部标准宋体1.0 eduSong_Unicode.ttf	25511	24334	236	941	18210	5822	0	0	0	0	0	0	0	0	302	236	0	0
教育部标准楷书	ttf	台湾教育部國字/台湾教育部标准楷书 edukai-4.0.ttf	14030	13087	10	933	13082	3	0	0	0	0	0	0	0	0	2	10	0	0
MOESongUN	ttf	台湾教育部國字/國字標準字體字形檔-宋體/eduSong_Unicode(2024年12月).ttf	25527	24352	236	939	18214	5833	1	0	0	0	0	0	0	0	304	236	0	0
TW-MOE-Std-SongV4.0	ttf	台湾教育部國字/國字標準字體字形檔-宋體/edusong-big5.ttf	13861	13090	16	755	13084	3	1	0	0	0	0	0	0	0	2	16	0	0
教育部标准楷书	ttf	台湾教育部國字/國字標準字體字形檔-楷書/edukai-5.0.ttf	14070	13093	10	967	13087	3	1	0	0	0	0	0	0	0	2	10	0	0
教育部隶书	ttf	台湾教育部國字/隸書字形檔/MoeLI(隸書3.0版1080724上網).ttf	5594	4827	82	685	4827	0	0	0	0	0	0	0	0	0	0	82	0	0
叶根友微典 常规	ttf	叶根友/叶根友微典.ttf	7741	6763	168	810	6763	0	0	0	0	0	0	0	0	0	0	168	0	0
昆明海鸥体	ttf	叶根友/昆明海鸥体.ttf	7506	6768	131	607	6768	0	0	0	0	0	0	0	0	0	0	131	0	0
字体圈伟君黑 W1	ttf	字体圈/字体圈伟君黑-W1.ttf	7203	6766	0	437	6766	0	0	0	0	0	0	0	0	0	0	0	0	0
字体圈伟君黑 W2	ttf	字体圈/字体圈伟君黑-W2.ttf	7203	6766	0	437	6766	0	0	0	0	0	0	0	0	0	0	0	0	0
字体圈伟君黑 W3	ttf	字体圈/字体圈伟君黑-W3.ttf	7203	6766	0	437	6766	0	0	0	0	0	0	0	0	0	0	0	0	0
FontquanXinYiGuanHeiTi Regular	ttf	字体圈/字体圈欣意冠黑体4.009 FontquanXinYiGuanHeiTi-Regular.ttf	10323	9866	0	457	9857	8	0	0	0	0	0	1	0	0	0	0	0	0
Fontquan-XinYiJiXiangSong Regular	ttf	字体圈/字体圈欣意吉祥宋1.002 Fontquan-XinYiJiXiangSong-Regular.ttf	7237	6762	0	475	6762	0	0	0	0	0	0	0	0	0	0	0	0	0
字制区 喜脉体	ttf	字制区/字制区喜脉体.ttf	7094	6763	0	331	6763	0	0	0	0	0	0	0	0	0	0	0	0	0
字制区 喜脉喜欢体	ttf	字制区/字制区喜脉喜欢体.ttf	7786	7390	8	388	7374	16	0	0	0	0	0	0	0	0	0	8	0	0
优设字由棒棒体	otf	字由/优设字由棒棒体.otf	7164	6763	1	400	6763	0	0	0	0	0	0	0	0	0	0	1	0	0
字由文艺黑	ttf	字由/字由文艺黑.ttf	7210	6781	1	428	6781	0	0	0	0	0	0	0	0	0	0	1	0	0
字由芳华体	ttf	字由/字由芳华体.ttf	7174	6763	1	410	6763	0	0	0	0	0	0	0	0	0	0	1	0	0
汉字之美仿宋GBK 免费	ttf	字神/汉字之美仿宋GBK 免费.ttf	22566	20975	597	994	20902	52	0	0	0	0	0	0	0	0	21	597	0	0
国标仿宋	ttf	字语字库(CESI)/国标系列字体 v1.2/GB_FS_GB18030.ttf	28770	27766	0	1004	20976	6582	36	44	8	108	0	0	0	0	12	0	0	0
国标黑体	ttf	字语字库(CESI)/国标系列字体 v1.2/GB_HT_GB18030.ttf	28770	27766	0	1004	20976	6582	36	44	8	108	0	0	0	0	12	0	0	0
国标楷体	ttf	字语字库(CESI)/国标系列字体 v1.2/GB_KT_GB18030.ttf	28852	27766	82	1004	20976	6582	36	44	8	108	0	0	0	0	12	82	0	0
国标宋体	ttf	字语字库(CESI)/国标系列字体 v1.2/GB_ST_GB18030.ttf	28770	27766	0	1004	20976	6582	36	44	8	108	0	0	0	0	12	0	0	0
国标宋体-超大字符集Regular	ttf	字语字库(CESI)/国标系列字体 v1.2/GB_ST_SUPER_GB18030.ttf	61586	60329	0	1257	0	0	42711	4149	222	5762	7473	0	0	0	12	0	0	0
国标小标宋	ttf	字语字库(CESI)/国标系列字体 v1.2/GB_XBS_GB18030.ttf	28573	27570	0	1003	20976	6582	0	0	0	0	0	0	0	0	12	0	0	0
微软雅黑	ttf	微软/v6.25-office/msyh.ttf	29866	27732	0	2134	20933	6582	36	44	8	108	0	0	0	0	21	0	0	0
Microsoft YaHei Gras	ttf	微软/v6.25-office/msyhbd.ttf	29849	27732	0	2117	20933	6582	36	44	8	108	0	0	0	0	21	0	0	0
微软雅黑 Light	ttf	微软/v6.25-office/msyhl.ttf	29369	27732	0	1637	20933	6582	36	44	8	108	0	0	0	0	21	0	0	0
微软雅黑	ttc	微软/v6.25/msyh.ttc	29829	27732	0	2097	20933	6582	36	44	8	108	0	0	0	0	21	0	0	0
Microsoft YaHei Gras	ttc	微软/v6.25/msyhbd.ttc	29812	27732	0	2080	20933	6582	36	44	8	108	0	0	0	0	21	0	0	0
微软雅黑 Light	ttc	微软/v6.25/msyhl.ttc	29332	27732	0	1600	20933	6582	36	44	8	108	0	0	0	0	21	0	0	0
微软雅黑	ttc	微软/v6.31/msyh.ttc	29905	27801	0	2104	20992	6592	36	44	8	108	0	0	0	0	21	0	0	0
Microsoft YaHei Gras	ttc	微软/v6.31/msyhbd.ttc	29888	27801	0	2087	20992	6592	36	44	8	108	0	0	0	0	21	0	0	0
微软雅黑 Light	ttc	微软/v6.31/msyhl.ttc	29444	27801	0	1643	20992	6592	36	44	8	108	0	0	0	0	21	0	0	0
YaoXingQingNianHei1.1 Regular	ttf	摇醒实验室/YaoXingQingNianHei1.1-Regular.ttf	7026	6901	0	125	6901	0	0	0	0	0	0	0	0	0	0	0	0	0
康熙字典體 unicode	ttf	文悦/TpldKhangXiDict.ttf	16974	16967	0	7	16967	0	0	0	0	0	0	0	0	0	0	0	0	0
康煕字典體(Demo)	ttf	文悦/TypeLand康熙字典體Demo.ttf	17156	16962	1	193	16929	2	31	0	0	0	0	0	0	0	0	1	0	0
TpldKhangXiDictTrial	otf	文悦/TypeLand康熙字典體Trial.otf	17511	17019	2	490	16965	5	49	0	0	0	0	0	0	0	0	2	0	0
TpldKhangXiDict	otf	文悦/TypeLand康熙字典體完整版.otf	47735	47054	70	611	16965	5604	24480	2	0	0	0	0	0	0	3	70	0	0
TpldKhangXiDictTrial	otf	文悦/TypeLand康熙字典體試用版.otf	3211	2705	3	503	2697	1	7	0	0	0	0	0	0	0	0	3	0	0
文悦古体仿宋 繁体 (需授权)	otf	文悦/文悦古体仿宋 WenYue_GuTiFangSong_F.otf	9273	9106	0	167	9106	0	0	0	0	0	0	0	0	0	0	0	0	0
文悦古典明朝体 简入繁出 (需授权)	otf	文悦/文悦古典明朝体 WenYue_GuDianMingChaoTi_JRFC.otf	8799	8656	0	143	8637	13	2	0	0	4	0	0	0	0	0	0	0	0
文悦新恒古雅宋 简入繁出 (需授权)	otf	文悦/文悦新恒古雅宋 WenYue_XHGuYaSong_JRFC.otf	6917	6774	0	143	6774	0	0	0	0	0	0	0	0	0	0	0	0	0
文悦民国仿宋 繁体 (需授权)	otf	文悦/文悦民国仿宋 WenYue_MinGuoFangSong_F.otf	8702	8559	0	143	8446	47	58	4	1	1	1	1	0	0	0	0	0	0
文悦聚珍仿宋	ttf	文悦/文悦聚珍仿宋.ttf	9804	7978	0	1826	7919	25	0	0	0	0	0	0	0	0	34	0	0	0
Unibit	ttf	文泉驿/文泉驿Unibit/Unibit.ttf	46444	27832	366	18246	20902	6582	0	0	0	0	0	0	0	0	348	366	0	0
文泉驛微米黑	ttc	文泉驿/文泉驿微米黑-0.2.0-beta/wqy-microhei-lite.ttc	34638	21236	0	13402	20932	2	0	0	0	0	0	0	0	0	302	0	0	0
文泉驛微米黑	ttc	文泉驿/文泉驿微米黑-0.2.0-beta/wqy-microhei.ttc	34636	21236	0	13400	20932	2	0	0	0	0	0	0	0	0	302	0	0	0
文泉驛微米黑	ttf	文泉驿/文泉驿微米黑-0.2.0-beta/文泉驿微米黑.ttf	34636	21236	0	13400	20932	2	0	0	0	0	0	0	0	0	302	0	0	0
文泉驛正黑	ttc	文泉驿/文泉驿正黑-0.9.45/wqy-zenhei.ttc	42318	27978	0	14340	20940	6582	1	0	0	0	0	0	0	0	455	0	0	0
文泉驿点阵宋体12px	ttf	文泉驿/文泉驿点阵宋体/WenQuanYi Bitmap Song 12px.ttf	30163	27878	366	1919	20940	6582	0	0	0	0	0	0	0	0	356	366	0	0
文泉驿点阵宋体13px	ttf	文泉驿/文泉驿点阵宋体/WenQuanYi Bitmap Song 13px.ttf	30142	27870	366	1906	20940	6582	0	0	0	0	0	0	0	0	348	366	0	0
文泉驿点阵宋体14px	ttf	文泉驿/文泉驿点阵宋体/WenQuanYi Bitmap Song 14px.ttf	22823	21289	367	1167	20940	1	0	0	0	0	0	0	0	0	348	367	0	0
文泉驿点阵宋体15px	ttf	文泉驿/文泉驿点阵宋体/WenQuanYi Bitmap Song 15px.ttf	30086	27870	366	1850	20940	6582	0	0	0	0	0	0	0	0	348	366	0	0
文泉驿点阵宋体16px	ttf	文泉驿/文泉驿点阵宋体/WenQuanYi Bitmap Song 16px.ttf	30083	27888	366	1829	20940	6582	0	0	0	0	0	0	0	0	366	366	0	0
文泉驛點陣正黑	ttf	文泉驿/文泉驿点阵正黑/文泉驿点阵正黑 WenQuanDianZhenZhengHei-1.ttf	41669	27977	0	13692	20940	6582	0	0	0	0	0	0	0	0	455	0	0	0
文泉驛等寬正黑	ttf	文泉驿/文泉驿等宽正黑/文泉驿等宽正黑 WenQuanDengKuanZhengHei-1.ttf	36013	21388	0	14625	20932	0	1	0	0	0	0	0	0	0	455	0	0	0
AR PL UKai CN	ttc	文鼎/ukai.ttc	23910	21355	105	2450	18366	762	1790	0	0	0	0	0	0	0	437	105	0	0
AR PL UMing CN	ttc	文鼎/uming.ttc	24269	21732	105	2432	18739	762	1790	0	0	0	0	0	0	0	441	105	0	0
方正书宋_GBK	ttf	方正/方正书宋/方正书宋_GBK.ttf	22001	20923	106	972	20902	0	0	0	0	0	0	0	0	0	21	106	0	0
方正书宋简体	ttf	方正/方正书宋/方正书宋简体.ttf	8112	6763	522	827	6763	0	0	0	0	0	0	0	0	0	0	522	0	0
方正书宋繁体	ttf	方正/方正书宋/方正书宋繁体.ttf	7822	6763	232	827	6763	0	0	0	0	0	0	0	0	0	0	232	0	0
方正仿宋_GBK	ttf	方正/方正仿宋/方正仿宋_GBK.ttf	21999	20923	105	971	20902	0	0	0	0	0	0	0	0	0	21	105	0	0
方正仿宋简体	ttf	方正/方正仿宋/方正仿宋简体.ttf	8112	6763	522	827	6763	0	0	0	0	0	0	0	0	0	0	522	0	0
方正仿宋繁体	ttf	方正/方正仿宋/方正仿宋繁体.ttf	7822	6763	232	827	6763	0	0	0	0	0	0	0	0	0	0	232	0	0
方正兰亭黑	ttf	方正/方正兰亭黑/方正兰亭黑.ttf	48214	27505	121	20588	20902	6582	0	0	0	0	0	0	0	0	21	121	0	0
方正兰亭黑_GB18030	ttf	方正/方正兰亭黑/方正兰亭黑_GB18030.ttf	28530	27505	25	1000	20902	6582	0	0	0	0	0	0	0	0	21	25	0	0
方正兰亭黑Pro GBK Bold	ttf	方正/方正兰亭黑Pro/方正兰亭黑Pro GBK.ttf	22081	20975	106	1000	20902	52	0	0	0	0	0	0	0	0	21	106	0	0
方正兰亭黑Pro Global Bold	ttf	方正/方正兰亭黑Pro/方正兰亭黑Pro Global.ttf	29653	27505	112	2036	20902	6582	0	0	0	0	0	0	0	0	21	112	0	0
FZLanTingHeiPro_GB18030 Regular	ttf	方正/方正兰亭黑Pro/方正兰亭黑Pro_GB18030.ttf	44604	27784	4699	12121	20991	6582	0	0	0	0	0	0	0	0	211	4699	0	0
方正北魏楷书_GBK	ttf	方正/方正北魏楷书/方正北魏楷书_GBK.ttf	22001	20923	106	972	20902	0	0	0	0	0	0	0	0	0	21	106	0	0
方正北魏楷书简体	ttf	方正/方正北魏楷书/方正北魏楷书简体.ttf	8112	6763	522	827	6763	0	0	0	0	0	0	0	0	0	0	522	0	0
方正北魏楷书繁体	ttf	方正/方正北魏楷书/方正北魏楷书繁体.ttf	7822	6763	232	827	6763	0	0	0	0	0	0	0	0	0	0	232	0	0
方正大标宋简体	ttf	方正/方正大标宋/方正大标宋简体.ttf	8112	6763	522	827	6763	0	0	0	0	0	0	0	0	0	0	522	0	0
方正大标宋简繁	ttf	方正/方正大标宋/方正大标宋简繁.ttf	16810	15797	33	980	15794	0	0	0	0	0	0	0	0	0	3	33	0	0
方正大标宋繁体	ttf	方正/方正大标宋/方正大标宋繁体.ttf	7822	6763	232	827	6763	0	0	0	0	0	0	0	0	0	0	232	0	0
方正姚体	ttf	方正/方正姚体 FZYTK.ttf	10929	9819	22	1088	9819	0	0	0	0	0	0	0	0	0	0	22	0	0
方正小标宋简体	ttf	方正/方正小标宋/方正小标宋W.ttf	7709	6763	128	818	6763	0	0	0	0	0	0	0	0	0	0	128	0	0
方正小标宋_GBK	ttf	方正/方正小标宋/方正小标宋_GBK.ttf	21999	20923	105	971	20902	0	0	0	0	0	0	0	0	0	21	105	0	0
方正小标宋简体	ttf	方正/方正小标宋/方正小标宋简体.ttf	8112	6763	522	827	6763	0	0	0	0	0	0	0	0	0	0	522	0	0
方正小标宋繁体	ttf	方正/方正小标宋/方正小标宋繁体.ttf	7822	6763	232	827	6763	0	0	0	0	0	0	0	0	0	0	232	0	0
FZYouH_GBK 503L	ttf	方正/方正悠黑/方正悠黑_GBK 503L.ttf	22002	20923	106	973	20902	0	0	0	0	0	0	0	0	0	21	106	0	0
FZYouH_GBK 504L	ttf	方正/方正悠黑/方正悠黑_GBK 504L.ttf	22002	20923	106	973	20902	0	0	0	0	0	0	0	0	0	21	106	0	0
FZYouH_GBK 505L	ttf	方正/方正悠黑/方正悠黑_GBK 505L.ttf	22002	20923	106	973	20902	0	0	0	0	0	0	0	0	0	21	106	0	0
FZYouH_GBK 506L	ttf	方正/方正悠黑/方正悠黑_GBK 506L.ttf	22002	20923	106	973	20902	0	0	0	0	0	0	0	0	0	21	106	0	0
FZYouH_GBK 508R	ttf	方正/方正悠黑/方正悠黑_GBK 508R.ttf	22002	20923	106	973	20902	0	0	0	0	0	0	0	0	0	21	106	0	0
FZYouH_GBK 509R	ttf	方正/方正悠黑/方正悠黑_GBK 509R.ttf	22002	20923	106	973	20902	0	0	0	0	0	0	0	0	0	21	106	0	0
FZYouH_GBK 510M	ttf	方正/方正悠黑/方正悠黑_GBK 510M.ttf	22002	20923	106	973	20902	0	0	0	0	0	0	0	0	0	21	106	0	0
FZYouH_GBK 511M	ttf	方正/方正悠黑/方正悠黑_GBK 511M.ttf	22002	20923	106	973	20902	0	0	0	0	0	0	0	0	0	21	106	0	0
FZYouH_GBK 512B	ttf	方正/方正悠黑/方正悠黑_GBK 512B.ttf	22002	20923	106	973	20902	0	0	0	0	0	0	0	0	0	21	106	0	0
FZYouH_GBK 513B	ttf	方正/方正悠黑/方正悠黑_GBK 513B.ttf	22002	20923	106	973	20902	0	0	0	0	0	0	0	0	0	21	106	0	0
方正悠黑简可变 重 宽 高 1	ttf	方正/方正悠黑/方正悠黑简可变.ttf	8104	7154	129	821	7106	16	32	0	0	0	0	0	0	0	0	129	0	0
方正新书宋简体	ttf	方正/方正新书宋/方正新书宋简体.ttf	8112	6763	522	827	6763	0	0	0	0	0	0	0	0	0	0	522	0	0
方正新书宋繁体	ttf	方正/方正新书宋/方正新书宋繁体.ttf	7814	6763	232	819	6763	0	0	0	0	0	0	0	0	0	0	232	0	0
方正新报宋_GBK	ttf	方正/方正新报宋/方正新报宋_GBK.ttf	8285	7272	33	980	7270	0	0	0	0	0	0	0	0	0	2	33	0	0
方正新报宋简体	ttf	方正/方正新报宋/方正新报宋简体.ttf	8112	6763	522	827	6763	0	0	0	0	0	0	0	0	0	0	522	0	0
FZJNewBaoSong-Z12	ttf	方正/方正新报宋/方正新报宋繁.ttf	8213	7396	272	545	7395	0	0	0	0	0	0	0	0	0	1	272	0	0
方正新楷体_GBK	ttf	方正/方正新楷体_GBK.ttf	22009	20923	106	980	20902	0	0	0	0	0	0	0	0	0	21	106	0	0
FZXiuLiB-Z13	ttf	方正/方正新秀丽/方正新秀丽简体.ttf	14331	13088	366	877	13068	4	14	0	0	0	0	0	0	0	2	366	0	0
方正新秀丽繁体	ttf	方正/方正新秀丽/方正新秀丽繁体.ttf	7822	6763	232	827	6763	0	0	0	0	0	0	0	0	0	0	232	0	0
方正楷体_GBK	ttf	方正/方正楷体/方正楷体_GBK.ttf	21999	20923	105	971	20902	0	0	0	0	0	0	0	0	0	21	105	0	0
方正楷体简体	ttf	方正/方正楷体/方正楷体简体.ttf	8112	6763	522	827	6763	0	0	0	0	0	0	0	0	0	0	522	0	0
方正楷体繁体	ttf	方正/方正楷体/方正楷体繁体.ttf	7812	6763	231	818	6763	0	0	0	0	0	0	0	0	0	0	231	0	0
FZQingKeBenYueSongS B	ttf	方正/方正清刻本悦宋/方正清刻本悦宋简B.ttf	8765	7422	522	821	7374	16	32	0	0	0	0	0	0	0	0	522	0	0
方正清刻本悦宋简体	ttf	方正/方正清刻本悦宋/方正清刻本悦宋简体.ttf	8509	7159	529	821	7111	16	32	0	0	0	0	0	0	0	0	529	0	0
方正清刻本悦宋 简繁	ttf	方正/方正清刻本悦宋/方正清刻本悦宋简繁.ttf	10622	9616	33	973	9616	0	0	0	0	0	0	0	0	0	0	33	0	0
方正舒体	ttf	方正/方正舒体 FZSTK.ttf	10793	9683	22	1088	9683	0	0	0	0	0	0	0	0	0	0	22	0	0
方正粗金陵简体	ttf	方正/方正金陵/方正粗金陵简体.ttf	8112	6763	522	827	6763	0	0	0	0	0	0	0	0	0	0	522	0	0
方正粗金陵繁体	ttf	方正/方正金陵/方正粗金陵繁体.ttf	7822	6763	232	827	6763	0	0	0	0	0	0	0	0	0	0	232	0	0
方正细金陵简体	ttf	方正/方正金陵/方正细金陵简体.ttf	8112	6763	522	827	6763	0	0	0	0	0	0	0	0	0	0	522	0	0
方正魏碑_GBK	ttf	方正/方正魏碑_GBK.ttf	22001	20923	106	972	20902	0	0	0	0	0	0	0	0	0	21	106	0	0
方正黑体_GBK	ttf	方正/方正黑体/方正黑体_GBK.ttf	21999	20923	105	971	20902	0	0	0	0	0	0	0	0	0	21	105	0	0
方正黑体简体	ttf	方正/方正黑体/方正黑体简体.ttf	8089	6763	507	819	6763	0	0	0	0	0	0	0	0	0	0	507	0	0
方正黑体繁体	ttf	方正/方正黑体/方正黑体繁体.ttf	7807	6763	217	827	6763	0	0	0	0	0	0	0	0	0	0	217	0	0
等线	ttf	方正/等线/Deng.ttf	29460	27801	17	1642	20992	6592	36	44	8	108	0	0	0	0	21	17	0	0
等线 Bold	ttf	方正/等线/Dengb.ttf	29460	27801	17	1642	20992	6592	36	44	8	108	0	0	0	0	21	17	0	0
等线 Light	ttf	方正/等线/Dengl.ttf	29460	27801	17	1642	20992	6592	36	44	8	108	0	0	0	0	21	17	0	0
方正宋体S-超大字符集(SIP)	ttf	方正/超大字符集/方正宋体S-超大字符集(SIP).ttf	42966	42711	0	255	0	0	42711	0	0	0	0	0	0	0	0	0	0	0
方正宋体S-超大字符集	ttf	方正/超大字符集/方正宋体S-超大字符集.ttf	29159	27527	122	1510	20924	6581	0	0	0	0	0	0	0	0	22	122	0	0
方正楷体S-超大字符集(SIP)	ttf	方正/超大字符集/方正楷体S-超大字符集(SIP).ttf	42966	42711	0	255	0	0	42711	0	0	0	0	0	0	0	0	0	0	0
方正楷体S-超大字符集	ttf	方正/超大字符集/方正楷体S-超大字符集.ttf	29143	27528	106	1509	20924	6582	0	0	0	0	0	0	0	0	22	106	0	0
FZKaiT-Extended(SIP)	ttf	方正/超大字符集/方正楷体T-超大字符集(SIP).ttf	44583	42711	1616	256	0	0	42711	0	0	0	0	0	0	0	0	1590	26	0
FZKaiT-Extended	ttf	方正/超大字符集/方正楷体T-超大字符集.ttf	28903	27513	0	1390	20910	6582	0	0	0	0	0	0	0	0	21	0	0	0
Chiron Hei HK Bold Italic	ttf	昭源字體/昭源黑體 (Chiron Hei HK) v2.524/TTF-It/ChironHeiHK-B-It.ttf	47541	31915	0	15626	20979	6582	3543	85	45	207	62	25	19	1	367	0	0	0
Chiron Hei HK EL Italic	ttf	昭源字體/昭源黑體 (Chiron Hei HK) v2.524/TTF-It/ChironHeiHK-EL-It.ttf	47541	31915	0	15626	20979	6582	3543	85	45	207	62	25	19	1	367	0	0	0
Chiron Hei HK H Italic	ttf	昭源字體/昭源黑體 (Chiron Hei HK) v2.524/TTF-It/ChironHeiHK-H-It.ttf	47541	31915	0	15626	20979	6582	3543	85	45	207	62	25	19	1	367	0	0	0
Chiron Hei HK L Italic	ttf	昭源字體/昭源黑體 (Chiron Hei HK) v2.524/TTF-It/ChironHeiHK-L-It.ttf	47541	31915	0	15626	20979	6582	3543	85	45	207	62	25	19	1	367	0	0	0
Chiron Hei HK M Italic	ttf	昭源字體/昭源黑體 (Chiron Hei HK) v2.524/TTF-It/ChironHeiHK-M-It.ttf	47541	31915	0	15626	20979	6582	3543	85	45	207	62	25	19	1	367	0	0	0
Chiron Hei HK N Italic	ttf	昭源字體/昭源黑體 (Chiron Hei HK) v2.524/TTF-It/ChironHeiHK-N-It.ttf	47541	31915	0	15626	20979	6582	3543	85	45	207	62	25	19	1	367	0	0	0
Chiron Hei HK Italic	ttf	昭源字體/昭源黑體 (Chiron Hei HK) v2.524/TTF-It/ChironHeiHK-R-It.ttf	47541	31915	0	15626	20979	6582	3543	85	45	207	62	25	19	1	367	0	0	0
Chiron Hei HK SB Italic	ttf	昭源字體/昭源黑體 (Chiron Hei HK) v2.524/TTF-It/ChironHeiHK-SB-It.ttf	47541	31915	0	15626	20979	6582	3543	85	45	207	62	25	19	1	367	0	0	0
Chiron Hei HK Text Bold Italic	ttf	昭源字體/昭源黑體 (Chiron Hei HK) v2.524/TTF-It/ChironHeiHK-Text-B-It.ttf	47541	31915	0	15626	20979	6582	3543	85	45	207	62	25	19	1	367	0	0	0
Chiron Hei HK Text EL Italic	ttf	昭源字體/昭源黑體 (Chiron Hei HK) v2.524/TTF-It/ChironHeiHK-Text-EL-It.ttf	47541	31915	0	15626	20979	6582	3543	85	45	207	62	25	19	1	367	0	0	0
Chiron Hei HK Text H Italic	ttf	昭源字體/昭源黑體 (Chiron Hei HK) v2.524/TTF-It/ChironHeiHK-Text-H-It.ttf	47541	31915	0	15626	20979	6582	3543	85	45	207	62	25	19	1	367	0	0	0
Chiron Hei HK Text L Italic	ttf	昭源字體/昭源黑體 (Chiron Hei HK) v2.524/TTF-It/ChironHeiHK-Text-L-It.ttf	47541	31915	0	15626	20979	6582	3543	85	45	207	62	25	19	1	367	0	0	0
Chiron Hei HK Text M Italic	ttf	昭源字體/昭源黑體 (Chiron Hei HK) v2.524/TTF-It/ChironHeiHK-Text-M-It.ttf	47541	31915	0	15626	20979	6582	3543	85	45	207	62	25	19	1	367	0	0	0
Chiron Hei HK Text N Italic	ttf	昭源字體/昭源黑體 (Chiron Hei HK) v2.524/TTF-It/ChironHeiHK-Text-N-It.ttf	47541	31915	0	15626	20979	6582	3543	85	45	207	62	25	19	1	367	0	0	0
Chiron Hei HK Text Italic	ttf	昭源字體/昭源黑體 (Chiron Hei HK) v2.524/TTF-It/ChironHeiHK-Text-R-It.ttf	47541	31915	0	15626	20979	6582	3543	85	45	207	62	25	19	1	367	0	0	0
Chiron Hei HK Text SB Italic	ttf	昭源字體/昭源黑體 (Chiron Hei HK) v2.524/TTF-It/ChironHeiHK-Text-SB-It.ttf	47541	31915	0	15626	20979	6582	3543	85	45	207	62	25	19	1	367	0	0	0
Chiron Hei HK Bold	ttf	昭源字體/昭源黑體 (Chiron Hei HK) v2.524/TTF/ChironHeiHK-B.ttf	47541	31915	0	15626	20979	6582	3543	85	45	207	62	25	19	1	367	0	0	0
Chiron Hei HK EL	ttf	昭源字體/昭源黑體 (Chiron Hei HK) v2.524/TTF/ChironHeiHK-EL.ttf	47541	31915	0	15626	20979	6582	3543	85	45	207	62	25	19	1	367	0	0	0
Chiron Hei HK H	ttf	昭源字體/昭源黑體 (Chiron Hei HK) v2.524/TTF/ChironHeiHK-H.ttf	47541	31915	0	15626	20979	6582	3543	85	45	207	62	25	19	1	367	0	0	0
Chiron Hei HK L	ttf	昭源字體/昭源黑體 (Chiron Hei HK) v2.524/TTF/ChironHeiHK-L.ttf	47541	31915	0	15626	20979	6582	3543	85	45	207	62	25	19	1	367	0	0	0
Chiron Hei HK M	ttf	昭源字體/昭源黑體 (Chiron Hei HK) v2.524/TTF/ChironHeiHK-M.ttf	47541	31915	0	15626	20979	6582	3543	85	45	207	62	25	19	1	367	0	0	0
Chiron Hei HK N	ttf	昭源字體/昭源黑體 (Chiron Hei HK) v2.524/TTF/ChironHeiHK-N.ttf	47541	31915	0	15626	20979	6582	3543	85	45	207	62	25	19	1	367	0	0	0
Chiron Hei HK	ttf	昭源字體/昭源黑體 (Chiron Hei HK) v2.524/TTF/ChironHeiHK-R.ttf	47541	31915	0	15626	20979	6582	3543	85	45	207	62	25	19	1	367	0	0	0
Chiron Hei HK SB	ttf	昭源字體/昭源黑體 (Chiron Hei HK) v2.524/TTF/ChironHeiHK-SB.ttf	47541	31915	0	15626	20979	6582	3543	85	45	207	62	25	19	1	367	0	0	0
Chiron Hei HK Text Bold	ttf	昭源字體/昭源黑體 (Chiron Hei HK) v2.524/TTF/ChironHeiHK-Text-B.ttf	47541	31915	0	15626	20979	6582	3543	85	45	207	62	25	19	1	367	0	0	0
Chiron Hei HK Text EL	ttf	昭源字體/昭源黑體 (Chiron Hei HK) v2.524/TTF/ChironHeiHK-Text-EL.ttf	47541	31915	0	15626	20979	6582	3543	85	45	207	62	25	19	1	367	0	0	0
Chiron Hei HK Text H	ttf	昭源字體/昭源黑體 (Chiron Hei HK) v2.524/TTF/ChironHeiHK-Text-H.ttf	47541	31915	0	15626	20979	6582	3543	85	45	207	62	25	19	1	367	0	0	0
Chiron Hei HK Text L	ttf	昭源字體/昭源黑體 (Chiron Hei HK) v2.524/TTF/ChironHeiHK-Text-L.ttf	47541	31915	0	15626	20979	6582	3543	85	45	207	62	25	19	1	367	0	0	0
Chiron Hei HK Text M	ttf	昭源字體/昭源黑體 (Chiron Hei HK) v2.524/TTF/ChironHeiHK-Text-M.ttf	47541	31915	0	15626	20979	6582	3543	85	45	207	62	25	19	1	367	0	0	0
Chiron Hei HK Text N	ttf	昭源字體/昭源黑體 (Chiron Hei HK) v2.524/TTF/ChironHeiHK-Text-N.ttf	47541	31915	0	15626	20979	6582	3543	85	45	207	62	25	19	1	367	0	0	0
Chiron Hei HK Text	ttf	昭源字體/昭源黑體 (Chiron Hei HK) v2.524/TTF/ChironHeiHK-Text-R.ttf	47541	31915	0	15626	20979	6582	3543	85	45	207	62	25	19	1	367	0	0	0
Chiron Hei HK Text SB	ttf	昭源字體/昭源黑體 (Chiron Hei HK) v2.524/TTF/ChironHeiHK-Text-SB.ttf	47541	31915	0	15626	20979	6582	3543	85	45	207	62	25	19	1	367	0	0	0
汉仪中宋简	ttf	汉仪/汉仪中宋/汉仪中宋简 HanYiZhongSongJian-1.ttf	7755	6763	52	940	6763	0	0	0	0	0	0	0	0	0	0	52	0	0
汉仪中宋繁	ttf	汉仪/汉仪中宋/汉仪中宋繁 HanYiZhongSongFan-1.ttf	8345	6829	576	940	6829	0	0	0	0	0	0	0	0	0	0	576	0	0
汉仪中黑 简	ttf	汉仪/汉仪中黑/汉仪中黑.ttf	8882	7257	516	1109	7257	0	0	0	0	0	0	0	0	0	0	516	0	0
汉仪中黑简	ttf	汉仪/汉仪中黑/汉仪中黑简.ttf	8773	7257	576	940	7257	0	0	0	0	0	0	0	0	0	0	576	0	0
汉仪中黑繁	ttf	汉仪/汉仪中黑/汉仪中黑繁.ttf	8345	6829	576	940	6829	0	0	0	0	0	0	0	0	0	0	576	0	0
汉仪仿宋S Regular	ttf	汉仪/汉仪仿宋/汉仪仿宋S HYFangSongS-2.ttf	28681	27505	168	1008	20902	6582	0	0	0	0	0	0	0	0	21	168	0	0
汉仪仿宋简	ttf	汉仪/汉仪仿宋/汉仪仿宋简 HanYiFangSongJian-1.ttf	8773	7257	576	940	7257	0	0	0	0	0	0	0	0	0	0	576	0	0
汉仪仿宋繁	ttf	汉仪/汉仪仿宋/汉仪仿宋繁 HanYiFangSongFan-1.ttf	8345	6829	576	940	6829	0	0	0	0	0	0	0	0	0	0	576	0	0
汉仪全唐诗简 Regular	ttf	汉仪/汉仪全唐诗/汉仪全唐诗简.ttf	7911	6763	154	994	6763	0	0	0	0	0	0	0	0	0	0	154	0	0
汉仪全唐诗繁 Regular	ttf	汉仪/汉仪全唐诗/汉仪全唐诗繁.ttf	7911	6763	154	994	6763	0	0	0	0	0	0	0	0	0	0	154	0	0
汉仪意宋W Regular	ttf	汉仪/汉仪意宋W.ttf	10413	9169	154	1090	9169	0	0	0	0	0	0	0	0	0	0	154	0	0
汉仪文黑-35W Thin	ttf	汉仪/汉仪文黑/HYWenHei-35W-6.ttf	10315	9169	154	992	9169	0	0	0	0	0	0	0	0	0	0	154	0	0
汉仪文黑-45W ExtraLight	ttf	汉仪/汉仪文黑/HYWenHei-45W-5.ttf	10315	9169	154	992	9169	0	0	0	0	0	0	0	0	0	0	154	0	0
汉仪文黑-55W Book	ttf	汉仪/汉仪文黑/HYWenHei-55W-4.ttf	10315	9169	154	992	9169	0	0	0	0	0	0	0	0	0	0	154	0	0
汉仪文黑-65W Medium	ttf	汉仪/汉仪文黑/HYWenHei-65W-3.ttf	10315	9169	154	992	9169	0	0	0	0	0	0	0	0	0	0	154	0	0
汉仪文黑-75W Bold	ttf	汉仪/汉仪文黑/HYWenHei-75W-2.ttf	10315	9169	154	992	9169	0	0	0	0	0	0	0	0	0	0	154	0	0
汉仪文黑-85W Heavy	ttf	汉仪/汉仪文黑/HYWenHei-85W-1.ttf	10315	9169	154	992	9169	0	0	0	0	0	0	0	0	0	0	154	0	0
汉仪旗黑 90简	ttf	汉仪/汉仪旗黑90/汉仪旗黑 90 简 HanYiQiHei-90Jian-Regular-2.ttf	7986	6763	10	1213	6763	0	0	0	0	0	0	0	0	0	0	10	0	0
汉仪旗黑 90繁	ttf	汉仪/汉仪旗黑90/汉仪旗黑 90 繁 HanYiQiHei-90Fan-Regular-2.ttf	7986	6763	10	1213	6763	0	0	0	0	0	0	0	0	0	0	10	0	0
汉仪昌黎宋刻本原版W	ttf	汉仪/汉仪昌黎宋刻本/汉仪昌黎宋刻本原版W.ttf	10188	9560	0	628	9169	0	0	0	0	0	0	0	0	0	391	0	0	0
汉仪昌黎宋刻本原版简	ttf	汉仪/汉仪昌黎宋刻本/汉仪昌黎宋刻本原版简.ttf	7627	6999	0	628	6763	0	0	0	0	0	0	0	0	0	236	0	0	0
汉仪昌黎宋刻本原版繁	ttf	汉仪/汉仪昌黎宋刻本/汉仪昌黎宋刻本原版繁.ttf	7627	6999	0	628	6763	0	0	0	0	0	0	0	0	0	236	0	0	0
汉仪昌黎宋刻本精修版W	ttf	汉仪/汉仪昌黎宋刻本/汉仪昌黎宋刻本精修版W.ttf	10204	9576	0	628	9185	0	0	0	0	0	0	0	0	0	391	0	0	0
汉仪昌黎宋刻本精修版简	ttf	汉仪/汉仪昌黎宋刻本/汉仪昌黎宋刻本精修版简.ttf	7627	6999	0	628	6763	0	0	0	0	0	0	0	0	0	236	0	0	0
汉仪昌黎宋刻本精修版繁	ttf	汉仪/汉仪昌黎宋刻本/汉仪昌黎宋刻本精修版繁.ttf	7627	6999	0	628	6763	0	0	0	0	0	0	0	0	0	236	0	0	0
汉仪碑刻黑W	ttf	汉仪/汉仪碑刻黑W.ttf	9935	9169	10	756	9169	0	0	0	0	0	0	0	0	0	0	10	0	0
TH-Times	ttc	沈天珩/天珩全字库 TH-Tshyn-4.1.0/TH-Times.ttc	11649	0	128	11521	0	0	0	0	0	0	0	0	0	0	0	0	0	128
TH-Tshyn-P0	ttf	沈天珩/天珩全字库 TH-Tshyn-4.1.0/TH-Tshyn-P0.ttf	58267	28056	2288	27923	20992	6592	0	0	0	0	0	0	0	0	472	2288	0	0
TH-Tshyn-P1	ttf	沈天珩/天珩全字库 TH-Tshyn-4.1.0/TH-Tshyn-P1.ttf	32580	9131	0	23449	0	0	0	0	0	0	0	4939	4192	0	0	0	0	0
TH-Tshyn-P16	ttf	沈天珩/天珩全字库 TH-Tshyn-4.1.0/TH-Tshyn-P16.ttf	46726	0	46626	100	0	0	0	0	0	0	0	0	0	0	0	0	0	46626
TH-Tshyn-P2	ttf	沈天珩/天珩全字库 TH-Tshyn-4.1.0/TH-Tshyn-P2.ttf	61597	60953	0	644	0	0	42720	4154	222	5762	7473	0	0	622	0	0	0	0
TH-Sy-P0	ttf	沈天珩/天珩字库-书宋 TH-Sy-4.1.0/TH-Sy-P0.ttf	53415	37187	82	16146	20992	6592	0	0	0	0	0	4939	4192	0	472	82	0	0
TH-Sy-P16	ttf	沈天珩/天珩字库-书宋 TH-Sy-4.1.0/TH-Sy-P16.ttf	21604	0	21504	100	0	0	0	0	0	0	0	0	0	0	0	0	0	21504
TH-Sy-P2	ttf	沈天珩/天珩字库-书宋 TH-Sy-4.1.0/TH-Sy-P2.ttf	61595	60953	0	642	0	0	42720	4154	222	5762	7473	0	0	622	0	0	0	0
TH-Sung-TP0	ttf	沈天珩/天珩字库-正宋 TH-Sung-T4.1.0/TH-Sung-TP0.ttf	54089	37187	776	16126	20992	6592	0	0	0	0	0	4939	4192	0	472	722	0	54
TH-Sung-TP2	ttf	沈天珩/天珩字库-正宋 TH-Sung-T4.1.0/TH-Sung-TP2.ttf	61595	60953	0	642	0	0	42720	4154	222	5762	7473	0	0	622	0	0	0	0
TH-Khaai-TP0	ttf	沈天珩/天珩字库-正楷 TH-Khaai-T4.0.0/TH-Khaai-TP0.ttf	52685	37187	148	15350	20992	6592	0	0	0	0	0	4939	4192	0	472	104	0	44
TH-Khaai-TP16	ttf	沈天珩/天珩字库-正楷 TH-Khaai-T4.0.0/TH-Khaai-TP16.ttf	10146	0	10046	100	0	0	0	0	0	0	0	0	0	0	0	0	0	10046
TH-Khaai-TP2	ttf	沈天珩/天珩字库-正楷 TH-Khaai-T4.0.0/TH-Khaai-TP2.ttf	60973	60331	0	642	0	0	42720	4154	222	5762	7473	0	0	0	0	0	0	0
京華老宋體	ttf	王廷瑞/京華老宋体/KingHwa_OldSong-mod (標點符號置中版from郭睿穎).ttf	38630	37065	1	1564	20992	6592	6587	971	51	1295	238	206	55	0	78	0	1	0
京華老宋体	ttf	王廷瑞/京華老宋体/京華老宋体2.002.ttf	38627	37065	1	1561	20992	6592	6587	971	51	1295	238	206	55	0	78	0	1	0
京華老宋体_KingHwa_OldSong	ttf	王廷瑞/京華老宋体/京華老宋体_KingHwa_OldSong1.0.ttf	38491	37053	0	1438	20992	6583	6585	971	51	1295	237	206	55	0	78	0	0	0
汇文仿宋	ttf	王廷瑞/匯文系列/匯文仿宋.ttf	22296	21080	20	1196	20902	68	52	4	0	6	2	4	1	0	41	0	20	0
汇文明朝体GBK	ttf	王廷瑞/匯文系列/匯文明朝體GBK.ttf	24356	22134	764	1458	20938	1002	69	2	0	2	2	1	0	0	118	763	1	0
汇文正楷	ttf	王廷瑞/匯文系列/匯文正楷.ttf	22298	21006	9	1283	20903	42	57	1	0	0	1	0	2	0	0	9	0	0
汇文港黑	ttf	王廷瑞/匯文系列/匯文港黑.ttf	22516	21092	120	1304	20906	87	55	4	0	1	2	0	2	1	34	120	0	0
汇文筑地五号明朝体	otf	王廷瑞/匯文系列/汇文築地五号明朝体1.0.otf	9817	8575	556	686	8164	162	193	11	1	16	21	0	0	0	7	556	0	0
猫啃网风雅宋	ttf	猫啃网/新愚公-猫啃网风雅宋 v1.30.ttf	42767	28494	0	14273	20969	6582	389	45	33	108	3	0	0	0	365	0	0	0
猫啃网糖圆	ttf	猫啃网/猫啃网&夜煞之乐-猫啃网糖圆体(测试版)0.12.ttf	7567	6765	0	802	6765	0	0	0	0	0	0	0	0	0	0	0	0	0
王汉宗中仿宋简	ttf	王汉宗/王汉宗中仿宋简.ttf	13978	13070	366	542	13068	0	0	0	0	0	0	0	0	0	2	366	0	0
HanWangFangSongMedium	ttf	王汉宗/王汉宗中仿宋繁.ttf	13978	13070	366	542	13068	0	0	0	0	0	0	0	0	0	2	366	0	0
HanWangMingMedium	ttf	王汉宗/王汉宗中明体繁.ttf	13978	13070	366	542	13068	0	0	0	0	0	0	0	0	0	2	366	0	0
HanWangWCL06	ttf	王汉宗/王汉宗仿宋体一标准.ttf	14069	13093	57	919	13091	0	0	0	0	0	0	0	0	0	2	57	0	0
HanWangWCL02	ttf	王汉宗/王汉宗特明体一标准.ttf	14069	13093	57	919	13091	0	0	0	0	0	0	0	0	0	2	57	0	0
HanWangMingHeavy	ttf	王汉宗/王汉宗特明体繁.ttf	13978	13070	366	542	13068	0	0	0	0	0	0	0	0	0	2	366	0	0
HanWang MingBold-Gb5	ttf	王汉宗/王汉宗粗明体简.ttf	14025	13070	366	589	13068	0	0	0	0	0	0	0	0	0	2	366	0	0
HanWangMingBold	ttf	王汉宗/王汉宗粗明体繁.ttf	13978	13070	366	542	13068	0	0	0	0	0	0	0	0	0	2	366	0	0
王汉宗粗楷体简	ttf	王汉宗/王汉宗粗楷体简.ttf	13978	13070	366	542	13068	0	0	0	0	0	0	0	0	0	2	366	0	0
王汉宗细新宋简	ttf	王汉宗/王汉宗细新宋简.ttf	13978	13070	366	542	13068	0	0	0	0	0	0	0	0	0	2	366	0	0
HanWangMingBlack	ttf	王汉宗/王汉宗超明体繁.ttf	13978	13070	366	542	13068	0	0	0	0	0	0	0	0	0	2	366	0	0
HanWangWeBe	ttf	王汉宗/王汉宗魏碑体繁.ttf	14025	13070	366	589	13068	0	0	0	0	0	0	0	0	0	2	366	0	0
Zhuque Fangsong (technical preview) Regular	ttf	璇玑造字/朱雀仿宋 v0.211/ZhuqueFangsong-Regular.ttf	12817	11230	0	1587	10956	77	37	44	8	108	0	0	0	0	0	0	0	0
绿城文澜月华行楷 Bold	ttf	璇玑造字/绿城文澜月华行楷/GreentownWenlanYuehuaXingkai-Bold_v1.006.ttf	11522	11323	0	199	11030	92	40	44	9	108	0	0	0	0	0	0	0	0
绿城文澜月华行楷 Regular	ttf	璇玑造字/绿城文澜月华行楷/GreentownWenlanYuehuaXingkai-Regular_v1.006.ttf	11522	11323	0	199	11030	92	40	44	9	108	0	0	0	0	0	0	0	0
微软雅黑	ttc	碧海潮声/Harmony思源替换雅黑中文字体-250318/msyh.ttc	33371	30234	0	3137	20976	6582	2108	47	34	112	5	4	0	0	366	0	0	0
Microsoft YaHei Gras	ttc	碧海潮声/Harmony思源替换雅黑中文字体-250318/msyhbd.ttc	33371	30234	0	3137	20976	6582	2108	47	34	112	5	4	0	0	366	0	0	0
微软雅黑 Heavy	ttc	碧海潮声/Harmony思源替换雅黑中文字体-250318/msyhhv.ttc	33371	30234	0	3137	20976	6582	2108	47	34	112	5	4	0	0	366	0	0	0
微软雅黑 Light	ttc	碧海潮声/Harmony思源替换雅黑中文字体-250318/msyhl.ttc	33371	30234	0	3137	20976	6582	2108	47	34	112	5	4	0	0	366	0	0	0
微软雅黑 Semibold	ttc	碧海潮声/Harmony思源替换雅黑中文字体-250318/msyhsb.ttc	33371	30234	0	3137	20976	6582	2108	47	34	112	5	4	0	0	366	0	0	0
微软雅黑 Semilight	ttc	碧海潮声/Harmony思源替换雅黑中文字体-250318/msyhsl.ttc	33371	30234	0	3137	20976	6582	2108	47	34	112	5	4	0	0	366	0	0	0
微软雅黑	ttc	碧海潮声/Inter思源替换雅黑中文字体-250318/msyh.ttc	34495	30234	0	4261	20976	6582	2108	47	34	112	5	4	0	0	366	0	0	0
Microsoft YaHei Gras	ttc	碧海潮声/Inter思源替换雅黑中文字体-250318/msyhbd.ttc	34495	30234	0	4261	20976	6582	2108	47	34	112	5	4	0	0	366	0	0	0
微软雅黑 Heavy	ttc	碧海潮声/Inter思源替换雅黑中文字体-250318/msyhhv.ttc	34495	30234	0	4261	20976	6582	2108	47	34	112	5	4	0	0	366	0	0	0
微软雅黑 Light	ttc	碧海潮声/Inter思源替换雅黑中文字体-250318/msyhl.ttc	34495	30234	0	4261	20976	6582	2108	47	34	112	5	4	0	0	366	0	0	0
微软雅黑 Semibold	ttc	碧海潮声/Inter思源替换雅黑中文字体-250318/msyhsb.ttc	34495	30234	0	4261	20976	6582	2108	47	34	112	5	4	0	0	366	0	0	0
微软雅黑 Semilight	ttc	碧海潮声/Inter思源替换雅黑中文字体-250318/msyhsl.ttc	34495	30234	0	4261	20976	6582	2108	47	34	112	5	4	0	0	366	0	0	0
微软雅黑	ttc	碧海潮声/更纱黑体替换中文字体-250310/msyh.ttc	46235	30234	0	16001	20976	6582	2108	47	34	112	5	4	0	0	366	0	0	0
Microsoft YaHei Gras	ttc	碧海潮声/更纱黑体替换中文字体-250310/msyhbd.ttc	46235	30234	0	16001	20976	6582	2108	47	34	112	5	4	0	0	366	0	0	0
微软雅黑 Light	ttc	碧海潮声/更纱黑体替换中文字体-250310/msyhl.ttc	46235	30234	0	16001	20976	6582	2108	47	34	112	5	4	0	0	366	0	0	0
微软雅黑 Semibold	ttc	碧海潮声/更纱黑体替换中文字体-250310/msyhsb.ttc	46235	30234	0	16001	20976	6582	2108	47	34	112	5	4	0	0	366	0	0	0
微软雅黑	ttc	碧海潮声/苹方替换雅黑加粗版-250324/msyh.ttc	35854	33573	1	2280	20992	6592	5443	51	10	116	3	5	0	0	361	1	0	0
Microsoft YaHei Gras	ttc	碧海潮声/苹方替换雅黑加粗版-250324/msyhbd.ttc	34493	33573	0	920	20992	6592	5441	51	10	116	3	7	0	0	361	0	0	0
微软雅黑 Heavy	ttc	碧海潮声/苹方替换雅黑加粗版-250324/msyhhv.ttc	34493	33573	0	920	20992	6592	5441	51	10	116	3	7	0	0	361	0	0	0
微软雅黑 Light	ttc	碧海潮声/苹方替换雅黑加粗版-250324/msyhl.ttc	35854	33573	1	2280	20992	6592	5443	51	10	116	3	5	0	0	361	1	0	0
微软雅黑 Semibold	ttc	碧海潮声/苹方替换雅黑加粗版-250324/msyhsb.ttc	35854	33573	1	2280	20992	6592	5443	51	10	116	3	5	0	0	361	1	0	0
微软雅黑 Semilight	ttc	碧海潮声/苹方替换雅黑加粗版-250324/msyhsl.ttc	35854	33573	1	2280	20992	6592	5443	51	10	116	3	5	0	0	361	1	0	0
Taipei Sans TC Beta Bold	ttf	翰字鑄造/台北黑體 (Taipei Sans TC)/TaipeiSansTCBeta-Bold.ttf	32764	30107	0	2657	20945	6582	2051	46	33	108	0	0	0	0	342	0	0	0
Taipei Sans TC Beta Light	ttf	翰字鑄造/台北黑體 (Taipei Sans TC)/TaipeiSansTCBeta-Light.ttf	32794	30130	0	2664	20945	6582	2051	46	33	108	0	0	0	0	365	0	0	0
Taipei Sans TC Beta Regular	ttf	翰字鑄造/台北黑體 (Taipei Sans TC)/TaipeiSansTCBeta-Regular.ttf	32763	30107	0	2656	20945	6582	2051	46	33	108	0	0	0	0	342	0	0	0
胡晓波男神体	otf	胡晓波/胡晓波男神体 HuXiaoBoNanShenTi-2.otf	7334	7107	0	227	7107	0	0	0	0	0	0	0	0	0	0	0	0	0
胡晓波真帅体	otf	胡晓波/胡晓波真帅体 HuXiaoBoZhenShuaiTi-2.otf	7428	7107	0	321	7107	0	0	0	0	0	0	0	0	0	0	0	0	0
胡晓波骚包体	otf	胡晓波/胡晓波骚包体 HuXiaoBoSaoBaoTi-2.otf	7432	7106	0	326	7106	0	0	0	0	0	0	0	0	0	0	0	0	0
自由香港楷書 (4700字)	ttf	自由香港字型/自由香港楷書 Free-HK-Kai_4700-v1.02.ttf	14093	4819	0	9274	4819	0	0	0	0	0	0	0	0	0	0	0	0	0
苹方-港 细体	otf	苹果/PingFangHK/PingFangHK-Light.otf	33257	30949	1	2307	20516	3680	6311	24	1	52	23	0	0	0	342	1	0	0
苹方-港 中黑体	otf	苹果/PingFangHK/PingFangHK-Medium.otf	33257	30949	1	2307	20516	3680	6311	24	1	52	23	0	0	0	342	1	0	0
苹方-港 常规体	otf	苹果/PingFangHK/PingFangHK-Regular.otf	33257	30949	1	2307	20516	3680	6311	24	1	52	23	0	0	0	342	1	0	0
苹方-港 中粗体	otf	苹果/PingFangHK/PingFangHK-Semibold.otf	33257	30949	1	2307	20516	3680	6311	24	1	52	23	0	0	0	342	1	0	0
苹方-港 纤细体	otf	苹果/PingFangHK/PingFangHK-Thin.otf	33257	30949	1	2307	20516	3680	6311	24	1	52	23	0	0	0	342	1	0	0
苹方-港 极细体	otf	苹果/PingFangHK/PingFangHK-Ultralight.otf	33257	30949	1	2307	20516	3680	6311	24	1	52	23	0	0	0	342	1	0	0
苹方-澳 细体	otf	苹果/PingFangMO/PingFangMO-Light.otf	33257	30949	1	2307	20516	3680	6311	24	1	52	23	0	0	0	342	1	0	0
苹方-澳 中黑体	otf	苹果/PingFangMO/PingFangMO-Medium.otf	33257	30949	1	2307	20516	3680	6311	24	1	52	23	0	0	0	342	1	0	0
苹方-澳 常规体	otf	苹果/PingFangMO/PingFangMO-Regular.otf	33257	30949	1	2307	20516	3680	6311	24	1	52	23	0	0	0	342	1	0	0
苹方-澳 中粗体	otf	苹果/PingFangMO/PingFangMO-Semibold.otf	33257	30949	1	2307	20516	3680	6311	24	1	52	23	0	0	0	342	1	0	0
苹方-澳 纤细体	otf	苹果/PingFangMO/PingFangMO-Thin.otf	33257	30949	1	2307	20516	3680	6311	24	1	52	23	0	0	0	342	1	0	0
苹方-澳 极细体	otf	苹果/PingFangMO/PingFangMO-Ultralight.otf	33257	30949	1	2307	20516	3680	6311	24	1	52	23	0	0	0	342	1	0	0
苹方-简 细体	otf	苹果/PingFangSC/PingFangSC-Light.otf	35854	33573	1	2280	20992	6592	5443	51	10	116	3	5	0	0	361	1	0	0
苹方-简 中黑体	otf	苹果/PingFangSC/PingFangSC-Medium.otf	35854	33573	1	2280	20992	6592	5443	51	10	116	3	5	0	0	361	1	0	0
苹方-简 常规体	otf	苹果/PingFangSC/PingFangSC-Regular.otf	35854	33573	1	2280	20992	6592	5443	51	10	116	3	5	0	0	361	1	0	0
苹方-简 中粗体	otf	苹果/PingFangSC/PingFangSC-Semibold.otf	35854	33573	1	2280	20992	6592	5443	51	10	116	3	5	0	0	361	1	0	0
苹方-简 纤细体	otf	苹果/PingFangSC/PingFangSC-Thin.otf	35854	33573	1	2280	20992	6592	5443	51	10	116	3	5	0	0	361	1	0	0
苹方-简 极细体	otf	苹果/PingFangSC/PingFangSC-Ultralight.otf	35854	33573	1	2280	20992	6592	5443	51	10	116	3	5	0	0	361	1	0	0
苹方-繁 细体	otf	苹果/PingFangTC/PingFangTC-Light.otf	32275	29975	1	2299	20505	3674	5445	3	1	4	1	0	0	0	342	1	0	0
苹方-繁 中黑体	otf	苹果/PingFangTC/PingFangTC-Medium.otf	32275	29975	1	2299	20505	3674	5445	3	1	4	1	0	0	0	342	1	0	0
苹方-繁 常规体	otf	苹果/PingFangTC/PingFangTC-Regular.otf	32275	29975	1	2299	20505	3674	5445	3	1	4	1	0	0	0	342	1	0	0
苹方-繁 中粗体	otf	苹果/PingFangTC/PingFangTC-Semibold.otf	32275	29975	1	2299	20505	3674	5445	3	1	4	1	0	0	0	342	1	0	0
苹方-繁 纤细体	otf	苹果/PingFangTC/PingFangTC-Thin.otf	32275	29975	1	2299	20505	3674	5445	3	1	4	1	0	0	0	342	1	0	0
苹方-繁 极细体	otf	苹果/PingFangTC/PingFangTC-Ultralight.otf	32275	29975	1	2299	20505	3674	5445	3	1	4	1	0	0	0	342	1	0	0
荆南俊俊体	otf	荆南字坊/荆南俊俊体 JUNJUN-v1.20.otf	7814	6866	3	945	6865	1	0	0	0	0	0	0	0	0	0	3	0	0
荆南波波黑 Bold	ttf	荆南字坊/荆南波波黑-Bold-v1.80.ttf	16047	14495	130	1422	14303	104	39	13	3	30	0	0	0	0	3	130	0	0
造字工房刻宋（非商用）常规体	otf	造字工房/造字工房刻宋(非商用)常规体.otf	14175	6866	2267	5042	6864	0	0	0	0	0	0	0	0	0	2	2267	0	0
造字工房刻宋（非商用）粗体	otf	造字工房/造字工房刻宋粗体ZaoZiGongFangKeSong-FeiShangYong-CuTi-1.otf	14175	6866	2267	5042	6864	0	0	0	0	0	0	0	0	0	2	2267	0	0
问藏书房	ttf	造字工房/问藏书房字体 WenCangShuFang.ttf	7266	6866	11	389	6864	0	0	0	0	0	0	0	0	0	2	11	0	0
锐字潮牌真言简2.0免费 准粗	ttf	锐字潮牌字库/锐字潮牌真言简2.0免费 准粗.ttf	7664	6780	17	867	6780	0	0	0	0	0	0	0	0	0	0	17	0	0
锐字潮牌真言简2.0免费 大粗	ttf	锐字潮牌字库/锐字潮牌真言简2.0免费 大粗.ttf	7664	6780	17	867	6780	0	0	0	0	0	0	0	0	0	0	17	0	0
锐字潮牌真言简2.0免费 常规	ttf	锐字潮牌字库/锐字潮牌真言简2.0免费 常规.ttf	7664	6780	17	867	6780	0	0	0	0	0	0	0	0	0	0	17	0	0
锐字潮牌真言简2.0免费 特粗	ttf	锐字潮牌字库/锐字潮牌真言简2.0免费 特粗.ttf	7664	6780	17	867	6780	0	0	0	0	0	0	0	0	0	0	17	0	0
锐字潮牌真言简2.0免费 细体	ttf	锐字潮牌字库/锐字潮牌真言简2.0免费 细体.ttf	7664	6780	17	867	6780	0	0	0	0	0	0	0	0	0	0	17	0	0
锐字潮牌真言简2.0免费 超粗	ttf	锐字潮牌字库/锐字潮牌真言简2.0免费 超粗.ttf	7664	6780	17	867	6780	0	0	0	0	0	0	0	0	0	0	17	0	0
得意黑 斜体	ttf	锚坞/得意黑 (Smiley Sans) v2.0.1/SmileySans-Oblique.ttf	9440	8335	0	1105	8057	79	36	45	9	108	0	0	1	0	0	0	0	0
仿宋_GB2312	ttf	长城/仿宋_GB2312.ttf	7680	6763	0	917	6763	0	0	0	0	0	0	0	0	0	0	0	0	0
楷体_GB2312	ttf	长城/楷体_GB2312.ttf	7601	6763	0	838	6763	0	0	0	0	0	0	0	0	0	0	0	0	0
jiangxizhuokai Regular	ttf	黄煜臣/江西拙楷2.0.ttf	6248	6055	0	193	6055	0	0	0	0	0	0	0	0	0	0	0	0	0
飞波正点体	ttf	黄飞波/飞波正点体V2.1.ttf	7425	7107	0	318	7107	0	0	0	0	0	0	0	0	0	0	0	0	0
龚帆免费体3.0	ttf	龚帆/龚帆免费体3.0.ttf	4007	3889	0	118	3889	0	0	0	0	0	0	0	0	0	0	0	0	0
龚帆拙朴体	ttf	龚帆/龚帆拙朴体.ttf	7005	6868	0	137	6868	0	0	0	0	0	0	0	0	0	0	0	0	0
龚帆顽石黑	ttf	龚帆/龚帆顽石黑.ttf	6923	6798	0	125	6798	0	0	0	0	0	0	0	0	0	0	0	0	0
